dt,AverageTemperature,AverageTemperatureUncertainty,City,Country,Latitude,Longitude
1930-06-01,21.54,0.609,Xian,China,34.56N,108.97E
1930-07-01,26.761999999999997,0.418,Xian,China,34.56N,108.97E
1930-08-01,23.07,0.7440000000000001,Xian,China,34.56N,108.97E
1930-09-01,17.066,0.71,Xian,China,34.56N,108.97E
1930-10-01,11.184000000000001,0.529,Xian,China,34.56N,108.97E
1930-11-01,4.375,0.7440000000000001,Xian,China,34.56N,108.97E
1930-12-01,-0.3160000000000001,0.628,Xian,China,34.56N,108.97E
1931-01-01,-2.535,0.725,Xian,China,34.56N,108.97E
1931-02-01,-0.8040000000000002,0.79,Xian,China,34.56N,108.97E
1931-03-01,8.055,1.222,Xian,China,34.56N,108.97E
1931-04-01,12.311,1.147,Xian,China,34.56N,108.97E
1931-05-01,18.313,2.412,Xian,China,34.56N,108.97E
1931-06-01,22.868000000000002,0.373,Xian,China,34.56N,108.97E
1931-07-01,23.185,0.345,Xian,China,34.56N,108.97E
1931-08-01,23.500999999999998,0.653,Xian,China,34.56N,108.97E
1931-09-01,17.555999999999994,0.504,Xian,China,34.56N,108.97E
1931-10-01,12.274000000000001,1.048,Xian,China,34.56N,108.97E
1931-11-01,5.296,0.7040000000000001,Xian,China,34.56N,108.97E
1931-12-01,-0.605,0.611,Xian,China,34.56N,108.97E
1932-01-01,-0.544,1.824,Xian,China,34.56N,108.97E
1932-02-01,-0.7259999999999999,0.6940000000000001,Xian,China,34.56N,108.97E
1932-03-01,7.258999999999999,2.3280000000000003,Xian,China,34.56N,108.97E
1932-04-01,13.757,2.41,Xian,China,34.56N,108.97E
1932-05-01,19.351,2.405,Xian,China,34.56N,108.97E
1932-06-01,24.577,4.706,Xian,China,34.56N,108.97E
1932-07-01,26.544,2.924,Xian,China,34.56N,108.97E
1932-08-01,23.471999999999998,0.358,Xian,China,34.56N,108.97E
1932-09-01,18.55,2.498,Xian,China,34.56N,108.97E
1932-10-01,11.97,2.6910000000000003,Xian,China,34.56N,108.97E
1932-11-01,6.487,0.604,Xian,China,34.56N,108.97E
1932-12-01,-0.664,1.535,Xian,China,34.56N,108.97E
1933-01-01,-4.43,1.6980000000000002,Xian,China,34.56N,108.97E
1933-02-01,1.7440000000000002,0.747,Xian,China,34.56N,108.97E
1933-03-01,5.406000000000001,0.672,Xian,China,34.56N,108.97E
1933-04-01,12.302,0.41,Xian,China,34.56N,108.97E
1933-05-01,18.434,0.335,Xian,China,34.56N,108.97E
1933-06-01,23.284000000000002,1.819,Xian,China,34.56N,108.97E
1933-07-01,25.603,0.49,Xian,China,34.56N,108.97E
1933-08-01,24.443,0.623,Xian,China,34.56N,108.97E
1933-09-01,19.208,0.392,Xian,China,34.56N,108.97E
1933-10-01,10.332999999999998,0.404,Xian,China,34.56N,108.97E
1933-11-01,5.582000000000002,0.42,Xian,China,34.56N,108.97E
1933-12-01,0.6599999999999999,0.6970000000000001,Xian,China,34.56N,108.97E
1934-01-01,-3.5439999999999996,1.676,Xian,China,34.56N,108.97E
1934-02-01,0.111,0.392,Xian,China,34.56N,108.97E
1934-03-01,5.443,0.551,Xian,China,34.56N,108.97E
1934-04-01,10.215,0.392,Xian,China,34.56N,108.97E
1934-05-01,19.276,0.289,Xian,China,34.56N,108.97E
1934-06-01,22.721,1.668,Xian,China,34.56N,108.97E
1934-07-01,26.411,0.7809999999999999,Xian,China,34.56N,108.97E
1934-08-01,22.805,0.7140000000000001,Xian,China,34.56N,108.97E
1934-09-01,18.506,0.715,Xian,China,34.56N,108.97E
1934-10-01,9.742,0.383,Xian,China,34.56N,108.97E
1934-11-01,3.65,0.5479999999999999,Xian,China,34.56N,108.97E
1934-12-01,0.40299999999999997,0.5539999999999999,Xian,China,34.56N,108.97E
1935-01-01,-1.666,2.103,Xian,China,34.56N,108.97E
1935-02-01,1.54,0.482,Xian,China,34.56N,108.97E
1935-03-01,8.163,0.963,Xian,China,34.56N,108.97E
1935-04-01,11.549000000000001,0.794,Xian,China,34.56N,108.97E
1935-05-01,17.643,0.5489999999999999,Xian,China,34.56N,108.97E
1935-06-01,23.35,0.461,Xian,China,34.56N,108.97E
1935-07-01,23.627,1.105,Xian,China,34.56N,108.97E
1935-08-01,23.381999999999998,1.43,Xian,China,34.56N,108.97E
1935-09-01,17.910999999999994,0.597,Xian,China,34.56N,108.97E
1935-10-01,13.672,0.359,Xian,China,34.56N,108.97E
1935-11-01,4.553000000000001,0.643,Xian,China,34.56N,108.97E
1935-12-01,-3.5380000000000003,0.483,Xian,China,34.56N,108.97E
1936-01-01,-3.852,0.487,Xian,China,34.56N,108.97E
1936-02-01,-0.19299999999999995,0.475,Xian,China,34.56N,108.97E
1936-03-01,3.62,0.491,Xian,China,34.56N,108.97E
1936-04-01,11.8,0.746,Xian,China,34.56N,108.97E
1936-05-01,16.993,0.4270000000000001,Xian,China,34.56N,108.97E
1936-06-01,22.638,0.7190000000000001,Xian,China,34.56N,108.97E
1936-07-01,25.258000000000003,1.251,Xian,China,34.56N,108.97E
1936-08-01,22.509,0.586,Xian,China,34.56N,108.97E
1936-09-01,18.844,0.7609999999999999,Xian,China,34.56N,108.97E
1936-10-01,13.407,0.853,Xian,China,34.56N,108.97E
1936-11-01,5.727,0.445,Xian,China,34.56N,108.97E
1936-12-01,-2.083,1.4480000000000002,Xian,China,34.56N,108.97E
1937-01-01,-3.193,0.929,Xian,China,34.56N,108.97E
1937-02-01,1.6629999999999998,0.468,Xian,China,34.56N,108.97E
1937-03-01,7.249,0.989,Xian,China,34.56N,108.97E
1937-04-01,12.081,0.555,Xian,China,34.56N,108.97E
1937-05-01,18.967,0.404,Xian,China,34.56N,108.97E
1937-06-01,21.507,0.8540000000000001,Xian,China,34.56N,108.97E
1937-07-01,23.002,1.659,Xian,China,34.56N,108.97E
1937-08-01,23.873,0.937,Xian,China,34.56N,108.97E
1937-09-01,16.866,0.5,Xian,China,34.56N,108.97E
1937-10-01,12.071,0.28300000000000003,Xian,China,34.56N,108.97E
1937-11-01,3.516,0.381,Xian,China,34.56N,108.97E
1937-12-01,0.5209999999999999,1.011,Xian,China,34.56N,108.97E
1938-01-01,-3.347,0.606,Xian,China,34.56N,108.97E
1938-02-01,0.536,0.401,Xian,China,34.56N,108.97E
1938-03-01,6.023,0.47,Xian,China,34.56N,108.97E
1938-04-01,14.263,0.66,Xian,China,34.56N,108.97E
1938-05-01,19.294,0.679,Xian,China,34.56N,108.97E
1938-06-01,20.464000000000002,1.037,Xian,China,34.56N,108.97E
1938-07-01,24.745,0.805,Xian,China,34.56N,108.97E
1938-08-01,24.32,0.7040000000000001,Xian,China,34.56N,108.97E
1938-09-01,16.676,1.031,Xian,China,34.56N,108.97E
1938-10-01,12.532,0.424,Xian,China,34.56N,108.97E
1938-11-01,6.072,0.395,Xian,China,34.56N,108.97E
1938-12-01,-0.20900000000000007,0.6509999999999999,Xian,China,34.56N,108.97E
1939-01-01,-1.3430000000000002,0.479,Xian,China,34.56N,108.97E
1939-02-01,2.145,0.649,Xian,China,34.56N,108.97E
1939-03-01,6.98,0.173,Xian,China,34.56N,108.97E
1939-04-01,11.223,0.8029999999999999,Xian,China,34.56N,108.97E
1939-05-01,19.075,0.394,Xian,China,34.56N,108.97E
1939-06-01,22.927,0.645,Xian,China,34.56N,108.97E
1939-07-01,25.066999999999997,1.401,Xian,China,34.56N,108.97E
1939-08-01,24.881999999999998,0.735,Xian,China,34.56N,108.97E
1939-09-01,18.371,0.381,Xian,China,34.56N,108.97E
1939-10-01,12.771999999999998,0.489,Xian,China,34.56N,108.97E
1939-11-01,4.2989999999999995,0.617,Xian,China,34.56N,108.97E
1939-12-01,-0.46299999999999997,0.838,Xian,China,34.56N,108.97E
1940-01-01,-0.9440000000000001,0.518,Xian,China,34.56N,108.97E
1940-02-01,1.224,0.479,Xian,China,34.56N,108.97E
1940-03-01,6.67,0.818,Xian,China,34.56N,108.97E
1940-04-01,12.618,0.402,Xian,China,34.56N,108.97E
1940-05-01,18.202,0.408,Xian,China,34.56N,108.97E
1940-06-01,23.787,0.563,Xian,China,34.56N,108.97E
1940-07-01,23.998,1.3430000000000002,Xian,China,34.56N,108.97E
1940-08-01,20.933000000000003,0.54,Xian,China,34.56N,108.97E
1940-09-01,17.113999999999994,0.363,Xian,China,34.56N,108.97E
1940-10-01,12.925999999999998,0.393,Xian,China,34.56N,108.97E
1940-11-01,5.115,0.4320000000000001,Xian,China,34.56N,108.97E
1940-12-01,1.5519999999999998,0.664,Xian,China,34.56N,108.97E
1941-01-01,-1.043,0.212,Xian,China,34.56N,108.97E
1941-02-01,1.1629999999999998,0.303,Xian,China,34.56N,108.97E
1941-03-01,7.872999999999998,0.3720000000000001,Xian,China,34.56N,108.97E
1941-04-01,14.014000000000001,0.468,Xian,China,34.56N,108.97E
1941-05-01,18.506,0.381,Xian,China,34.56N,108.97E
1941-06-01,24.651999999999997,0.458,Xian,China,34.56N,108.97E
1941-07-01,25.41,0.948,Xian,China,34.56N,108.97E
1941-08-01,23.729,0.419,Xian,China,34.56N,108.97E
1941-09-01,17.57,0.362,Xian,China,34.56N,108.97E
1941-10-01,13.441,0.388,Xian,China,34.56N,108.97E
1941-11-01,5.149,0.415,Xian,China,34.56N,108.97E
1941-12-01,0.8459999999999999,0.407,Xian,China,34.56N,108.97E
1942-01-01,-1.336,0.547,Xian,China,34.56N,108.97E
1942-02-01,-0.04799999999999993,0.321,Xian,China,34.56N,108.97E
1942-03-01,8.756,0.529,Xian,China,34.56N,108.97E
1942-04-01,12.991,0.308,Xian,China,34.56N,108.97E
1942-05-01,17.340999999999998,0.78,Xian,China,34.56N,108.97E
1942-06-01,23.305999999999997,0.736,Xian,China,34.56N,108.97E
1942-07-01,26.663,0.491,Xian,China,34.56N,108.97E
1942-08-01,24.296999999999997,0.953,Xian,China,34.56N,108.97E
1942-09-01,18.407,0.275,Xian,China,34.56N,108.97E
1942-10-01,12.863,0.383,Xian,China,34.56N,108.97E
1942-11-01,6.761,0.371,Xian,China,34.56N,108.97E
1942-12-01,-0.9129999999999999,0.361,Xian,China,34.56N,108.97E
1943-01-01,-3.3939999999999997,0.713,Xian,China,34.56N,108.97E
1943-02-01,1.0659999999999998,0.172,Xian,China,34.56N,108.97E
1943-03-01,6.526,0.536,Xian,China,34.56N,108.97E
1943-04-01,11.434000000000001,0.502,Xian,China,34.56N,108.97E
1943-05-01,18.404,0.595,Xian,China,34.56N,108.97E
1943-06-01,22.239,0.672,Xian,China,34.56N,108.97E
1943-07-01,25.497,0.474,Xian,China,34.56N,108.97E
1943-08-01,23.906999999999996,0.438,Xian,China,34.56N,108.97E
1943-09-01,17.903,0.284,Xian,China,34.56N,108.97E
1943-10-01,12.478,0.319,Xian,China,34.56N,108.97E
1943-11-01,5.088,0.574,Xian,China,34.56N,108.97E
1943-12-01,0.7319999999999998,0.312,Xian,China,34.56N,108.97E
1944-01-01,-1.861,0.28300000000000003,Xian,China,34.56N,108.97E
1944-02-01,0.7989999999999999,0.517,Xian,China,34.56N,108.97E
1944-03-01,8.009,0.563,Xian,China,34.56N,108.97E
1944-04-01,11.454,0.517,Xian,China,34.56N,108.97E
1944-05-01,17.576999999999998,0.6970000000000001,Xian,China,34.56N,108.97E
1944-06-01,22.258000000000003,0.72,Xian,China,34.56N,108.97E
1944-07-01,25.905,0.748,Xian,China,34.56N,108.97E
1944-08-01,22.74,0.985,Xian,China,34.56N,108.97E
1944-09-01,18.548,0.551,Xian,China,34.56N,108.97E
1944-10-01,11.157,0.311,Xian,China,34.56N,108.97E
1944-11-01,5.422999999999999,0.507,Xian,China,34.56N,108.97E
1944-12-01,-4.106999999999998,0.496,Xian,China,34.56N,108.97E
1945-01-01,-3.7460000000000004,0.35200000000000004,Xian,China,34.56N,108.97E
1945-02-01,-2.105,0.413,Xian,China,34.56N,108.97E
1945-03-01,5.707999999999999,0.436,Xian,China,34.56N,108.97E
1945-04-01,14.037,0.5379999999999999,Xian,China,34.56N,108.97E
1945-05-01,19.851,0.623,Xian,China,34.56N,108.97E
1945-06-01,24.58,1.016,Xian,China,34.56N,108.97E
1945-07-01,24.755,0.8029999999999999,Xian,China,34.56N,108.97E
1945-08-01,24.555999999999997,0.5489999999999999,Xian,China,34.56N,108.97E
1945-09-01,18.692,0.418,Xian,China,34.56N,108.97E
1945-10-01,12.133,0.335,Xian,China,34.56N,108.97E
1945-11-01,7.887,0.215,Xian,China,34.56N,108.97E
1945-12-01,-0.20600000000000007,0.8109999999999999,Xian,China,34.56N,108.97E
1946-01-01,-0.3900000000000001,0.915,Xian,China,34.56N,108.97E
1946-02-01,3.68,0.5429999999999999,Xian,China,34.56N,108.97E
1946-03-01,4.922,0.605,Xian,China,34.56N,108.97E
1946-04-01,14.884,0.669,Xian,China,34.56N,108.97E
1946-05-01,17.419,0.816,Xian,China,34.56N,108.97E
1946-06-01,22.33,1.053,Xian,China,34.56N,108.97E
1946-07-01,24.81,0.57,Xian,China,34.56N,108.97E
1946-08-01,23.936999999999998,0.888,Xian,China,34.56N,108.97E
1946-09-01,17.843999999999994,0.976,Xian,China,34.56N,108.97E
1946-10-01,12.802,0.447,Xian,China,34.56N,108.97E
1946-11-01,5.928000000000001,0.7909999999999999,Xian,China,34.56N,108.97E
1946-12-01,-1.315,0.272,Xian,China,34.56N,108.97E
1947-01-01,-1.362,0.364,Xian,China,34.56N,108.97E
1947-02-01,0.29100000000000004,0.503,Xian,China,34.56N,108.97E
1947-03-01,7.67,0.8340000000000001,Xian,China,34.56N,108.97E
1947-04-01,13.965,0.5820000000000001,Xian,China,34.56N,108.97E
1947-05-01,19.0,0.502,Xian,China,34.56N,108.97E
1947-06-01,22.737,0.325,Xian,China,34.56N,108.97E
1947-07-01,25.682,0.557,Xian,China,34.56N,108.97E
1947-08-01,22.982,0.821,Xian,China,34.56N,108.97E
1947-09-01,17.778,0.5710000000000001,Xian,China,34.56N,108.97E
1947-10-01,10.368,0.3,Xian,China,34.56N,108.97E
1947-11-01,6.269,1.439,Xian,China,34.56N,108.97E
1947-12-01,-1.535,1.463,Xian,China,34.56N,108.97E
1948-01-01,-2.0380000000000003,1.686,Xian,China,34.56N,108.97E
1948-02-01,1.339,1.1840000000000002,Xian,China,34.56N,108.97E
1948-03-01,6.215999999999998,0.43,Xian,China,34.56N,108.97E
1948-04-01,13.41,0.524,Xian,China,34.56N,108.97E
1948-05-01,16.924,0.522,Xian,China,34.56N,108.97E
1948-06-01,22.375999999999998,0.4,Xian,China,34.56N,108.97E
1948-07-01,25.499000000000002,0.5579999999999999,Xian,China,34.56N,108.97E
1948-08-01,23.796,0.499,Xian,China,34.56N,108.97E
1948-09-01,18.98,0.416,Xian,China,34.56N,108.97E
1948-10-01,11.336,0.355,Xian,China,34.56N,108.97E
1948-11-01,3.933,0.481,Xian,China,34.56N,108.97E
1948-12-01,0.03400000000000003,0.4,Xian,China,34.56N,108.97E
1949-01-01,-2.019,0.233,Xian,China,34.56N,108.97E
1949-02-01,2.39,0.302,Xian,China,34.56N,108.97E
1949-03-01,6.1179999999999986,0.41,Xian,China,34.56N,108.97E
1949-04-01,11.89,0.518,Xian,China,34.56N,108.97E
1949-05-01,18.888,0.3,Xian,China,34.56N,108.97E
1949-06-01,22.73,0.605,Xian,China,34.56N,108.97E
1949-07-01,25.614,0.898,Xian,China,34.56N,108.97E
1949-08-01,22.355,1.284,Xian,China,34.56N,108.97E
1949-09-01,17.526999999999994,1.796,Xian,China,34.56N,108.97E
1949-10-01,12.206,0.28,Xian,China,34.56N,108.97E
1949-11-01,5.263000000000001,0.278,Xian,China,34.56N,108.97E
1949-12-01,-1.3719999999999999,0.632,Xian,China,34.56N,108.97E
1950-01-01,0.16699999999999982,0.521,Xian,China,34.56N,108.97E
1950-02-01,-0.8029999999999999,0.634,Xian,China,34.56N,108.97E
1950-03-01,6.675,0.58,Xian,China,34.56N,108.97E
1950-04-01,11.769,0.636,Xian,China,34.56N,108.97E
1950-05-01,17.834999999999994,0.8690000000000001,Xian,China,34.56N,108.97E
1950-06-01,21.557,0.441,Xian,China,34.56N,108.97E
1950-07-01,25.632,1.13,Xian,China,34.56N,108.97E
1950-08-01,23.455,0.542,Xian,China,34.56N,108.97E
1950-09-01,17.188,0.222,Xian,China,34.56N,108.97E
1950-10-01,10.961,0.298,Xian,China,34.56N,108.97E
1950-11-01,4.5150000000000015,0.472,Xian,China,34.56N,108.97E
1950-12-01,-2.209,0.96,Xian,China,34.56N,108.97E
1951-01-01,-3.424,0.731,Xian,China,34.56N,108.97E
1951-02-01,-1.1669999999999998,0.35600000000000004,Xian,China,34.56N,108.97E
1951-03-01,5.019,0.135,Xian,China,34.56N,108.97E
1951-04-01,10.156,0.247,Xian,China,34.56N,108.97E
1951-05-01,18.04,0.647,Xian,China,34.56N,108.97E
1951-06-01,24.416,1.115,Xian,China,34.56N,108.97E
1951-07-01,24.131,0.498,Xian,China,34.56N,108.97E
1951-08-01,24.26,0.416,Xian,China,34.56N,108.97E
1951-09-01,17.572,0.353,Xian,China,34.56N,108.97E
1951-10-01,13.273,0.312,Xian,China,34.56N,108.97E
1951-11-01,5.011,0.59,Xian,China,34.56N,108.97E
1951-12-01,0.4809999999999999,1.119,Xian,China,34.56N,108.97E
1952-01-01,-1.033,0.7390000000000001,Xian,China,34.56N,108.97E
1952-02-01,-0.6579999999999999,0.285,Xian,China,34.56N,108.97E
1952-03-01,4.92,0.35100000000000003,Xian,China,34.56N,108.97E
1952-04-01,14.001,0.131,Xian,China,34.56N,108.97E
1952-05-01,17.744,0.43,Xian,China,34.56N,108.97E
1952-06-01,23.866999999999997,0.447,Xian,China,34.56N,108.97E
1952-07-01,25.632,0.3720000000000001,Xian,China,34.56N,108.97E
1952-08-01,20.811,0.552,Xian,China,34.56N,108.97E
1952-09-01,18.865,0.444,Xian,China,34.56N,108.97E
1952-10-01,11.097000000000001,0.358,Xian,China,34.56N,108.97E
1952-11-01,5.457999999999999,0.424,Xian,China,34.56N,108.97E
1952-12-01,-2.459,0.419,Xian,China,34.56N,108.97E
1953-01-01,-2.4730000000000003,0.679,Xian,China,34.56N,108.97E
1953-02-01,1.625,0.552,Xian,China,34.56N,108.97E
1953-03-01,7.446000000000001,0.17600000000000002,Xian,China,34.56N,108.97E
1953-04-01,11.270999999999999,0.466,Xian,China,34.56N,108.97E
1953-05-01,18.901,0.557,Xian,China,34.56N,108.97E
1953-06-01,23.358,0.5329999999999999,Xian,China,34.56N,108.97E
1953-07-01,24.761,0.495,Xian,China,34.56N,108.97E
1953-08-01,25.069000000000006,0.613,Xian,China,34.56N,108.97E
1953-09-01,18.458,0.465,Xian,China,34.56N,108.97E
1953-10-01,12.558,0.4920000000000001,Xian,China,34.56N,108.97E
1953-11-01,5.005000000000001,0.439,Xian,China,34.56N,108.97E
1953-12-01,-1.61,0.421,Xian,China,34.56N,108.97E
1954-01-01,-2.701,0.8909999999999999,Xian,China,34.56N,108.97E
1954-02-01,0.893,0.591,Xian,China,34.56N,108.97E
1954-03-01,5.702000000000001,0.305,Xian,China,34.56N,108.97E
1954-04-01,13.502,0.33,Xian,China,34.56N,108.97E
1954-05-01,17.456,0.262,Xian,China,34.56N,108.97E
1954-06-01,22.57,0.795,Xian,China,34.56N,108.97E
1954-07-01,23.876,0.639,Xian,China,34.56N,108.97E
1954-08-01,22.393,0.388,Xian,China,34.56N,108.97E
1954-09-01,18.211,0.313,Xian,China,34.56N,108.97E
1954-10-01,11.287,0.25,Xian,China,34.56N,108.97E
1954-11-01,6.15,0.474,Xian,China,34.56N,108.97E
1954-12-01,-5.421,0.525,Xian,China,34.56N,108.97E
1955-01-01,-5.388,0.887,Xian,China,34.56N,108.97E
1955-02-01,2.071,0.37,Xian,China,34.56N,108.97E
1955-03-01,6.191,0.777,Xian,China,34.56N,108.97E
1955-04-01,11.988,0.675,Xian,China,34.56N,108.97E
1955-05-01,18.732,0.86,Xian,China,34.56N,108.97E
1955-06-01,23.76,1.111,Xian,China,34.56N,108.97E
1955-07-01,24.573,0.29600000000000004,Xian,China,34.56N,108.97E
1955-08-01,24.136999999999997,0.716,Xian,China,34.56N,108.97E
1955-09-01,17.346,0.768,Xian,China,34.56N,108.97E
1955-10-01,10.944,0.285,Xian,China,34.56N,108.97E
1955-11-01,4.8420000000000005,0.34,Xian,China,34.56N,108.97E
1955-12-01,1.2599999999999998,0.79,Xian,China,34.56N,108.97E
1956-01-01,-4.177,0.341,Xian,China,34.56N,108.97E
1956-02-01,0.8809999999999999,0.735,Xian,China,34.56N,108.97E
1956-03-01,5.957000000000001,0.736,Xian,China,34.56N,108.97E
1956-04-01,13.411,0.349,Xian,China,34.56N,108.97E
1956-05-01,17.194000000000003,0.495,Xian,China,34.56N,108.97E
1956-06-01,20.994,0.84,Xian,China,34.56N,108.97E
1956-07-01,24.494,0.16899999999999998,Xian,China,34.56N,108.97E
1956-08-01,21.485,0.391,Xian,China,34.56N,108.97E
1956-09-01,18.835,0.236,Xian,China,34.56N,108.97E
1956-10-01,11.404000000000002,0.233,Xian,China,34.56N,108.97E
1956-11-01,4.075,0.382,Xian,China,34.56N,108.97E
1956-12-01,-1.781,0.7070000000000001,Xian,China,34.56N,108.97E
1957-01-01,-3.093,0.368,Xian,China,34.56N,108.97E
1957-02-01,-1.382,0.695,Xian,China,34.56N,108.97E
1957-03-01,6.882000000000001,0.6629999999999999,Xian,China,34.56N,108.97E
1957-04-01,12.981,0.757,Xian,China,34.56N,108.97E
1957-05-01,16.427999999999994,0.369,Xian,China,34.56N,108.97E
1957-06-01,21.965999999999998,0.534,Xian,China,34.56N,108.97E
1957-07-01,24.011,0.5670000000000001,Xian,China,34.56N,108.97E
1957-08-01,24.671999999999997,0.722,Xian,China,34.56N,108.97E
1957-09-01,16.813,0.465,Xian,China,34.56N,108.97E
1957-10-01,11.771,0.415,Xian,China,34.56N,108.97E
1957-11-01,6.756,0.223,Xian,China,34.56N,108.97E
1957-12-01,1.1609999999999998,0.328,Xian,China,34.56N,108.97E
1958-01-01,-3.6430000000000002,0.399,Xian,China,34.56N,108.97E
1958-02-01,1.5759999999999998,0.413,Xian,China,34.56N,108.97E
1958-03-01,8.228,0.484,Xian,China,34.56N,108.97E
1958-04-01,13.665999999999999,0.343,Xian,China,34.56N,108.97E
1958-05-01,17.288999999999998,0.214,Xian,China,34.56N,108.97E
1958-06-01,22.525,0.607,Xian,China,34.56N,108.97E
1958-07-01,24.857,0.439,Xian,China,34.56N,108.97E
1958-08-01,21.233,0.252,Xian,China,34.56N,108.97E
1958-09-01,17.994999999999994,0.355,Xian,China,34.56N,108.97E
1958-10-01,10.576,0.284,Xian,China,34.56N,108.97E
1958-11-01,4.606,0.443,Xian,China,34.56N,108.97E
1958-12-01,0.9069999999999998,0.287,Xian,China,34.56N,108.97E
1959-01-01,-3.09,0.514,Xian,China,34.56N,108.97E
1959-02-01,0.7659999999999999,0.431,Xian,China,34.56N,108.97E
1959-03-01,6.907,0.449,Xian,China,34.56N,108.97E
1959-04-01,13.392999999999999,0.299,Xian,China,34.56N,108.97E
1959-05-01,16.112000000000002,0.322,Xian,China,34.56N,108.97E
1959-06-01,22.848000000000003,0.319,Xian,China,34.56N,108.97E
1959-07-01,26.741,0.541,Xian,China,34.56N,108.97E
1959-08-01,24.61,0.412,Xian,China,34.56N,108.97E
1959-09-01,17.831999999999994,0.466,Xian,China,34.56N,108.97E
1959-10-01,13.424000000000001,0.326,Xian,China,34.56N,108.97E
1959-11-01,4.2360000000000015,0.322,Xian,China,34.56N,108.97E
1959-12-01,-0.718,0.306,Xian,China,34.56N,108.97E
1960-01-01,-1.071,0.574,Xian,China,34.56N,108.97E
1960-02-01,3.844,0.545,Xian,China,34.56N,108.97E
1960-03-01,7.356,0.345,Xian,China,34.56N,108.97E
1960-04-01,11.571,0.287,Xian,China,34.56N,108.97E
1960-05-01,17.022000000000002,0.314,Xian,China,34.56N,108.97E
1960-06-01,24.425,0.556,Xian,China,34.56N,108.97E
1960-07-01,24.789,0.4320000000000001,Xian,China,34.56N,108.97E
1960-08-01,22.103,0.4320000000000001,Xian,China,34.56N,108.97E
1960-09-01,18.376,0.419,Xian,China,34.56N,108.97E
1960-10-01,10.82,0.253,Xian,China,34.56N,108.97E
1960-11-01,4.6960000000000015,0.374,Xian,China,34.56N,108.97E
1960-12-01,-1.238,0.339,Xian,China,34.56N,108.97E
1961-01-01,-2.481,0.282,Xian,China,34.56N,108.97E
1961-02-01,1.5490000000000002,0.338,Xian,China,34.56N,108.97E
1961-03-01,6.497999999999998,0.528,Xian,China,34.56N,108.97E
1961-04-01,13.964,0.154,Xian,China,34.56N,108.97E
1961-05-01,18.059,0.425,Xian,China,34.56N,108.97E
1961-06-01,22.686999999999998,0.47,Xian,China,34.56N,108.97E
1961-07-01,25.319000000000003,0.629,Xian,China,34.56N,108.97E
1961-08-01,23.85,0.29600000000000004,Xian,China,34.56N,108.97E
1961-09-01,18.243,0.261,Xian,China,34.56N,108.97E
1961-10-01,10.814,0.504,Xian,China,34.56N,108.97E
1961-11-01,6.1640000000000015,0.234,Xian,China,34.56N,108.97E
1961-12-01,-0.3640000000000001,0.29,Xian,China,34.56N,108.97E
1962-01-01,-2.948,0.34700000000000003,Xian,China,34.56N,108.97E
1962-02-01,2.13,0.76,Xian,China,34.56N,108.97E
1962-03-01,6.775,0.413,Xian,China,34.56N,108.97E
1962-04-01,11.513,0.255,Xian,China,34.56N,108.97E
1962-05-01,18.111,0.246,Xian,China,34.56N,108.97E
1962-06-01,23.392,0.639,Xian,China,34.56N,108.97E
1962-07-01,25.16,0.329,Xian,China,34.56N,108.97E
1962-08-01,22.714,0.231,Xian,China,34.56N,108.97E
1962-09-01,17.714000000000002,0.52,Xian,China,34.56N,108.97E
1962-10-01,11.688,0.388,Xian,China,34.56N,108.97E
1962-11-01,3.689000000000001,0.482,Xian,China,34.56N,108.97E
1962-12-01,0.462,0.3720000000000001,Xian,China,34.56N,108.97E
1963-01-01,-2.641,0.22,Xian,China,34.56N,108.97E
1963-02-01,0.8160000000000001,0.476,Xian,China,34.56N,108.97E
1963-03-01,6.869,0.551,Xian,China,34.56N,108.97E
1963-04-01,10.407,0.448,Xian,China,34.56N,108.97E
1963-05-01,16.587,0.8190000000000001,Xian,China,34.56N,108.97E
1963-06-01,22.764,0.241,Xian,China,34.56N,108.97E
1963-07-01,24.531999999999996,0.362,Xian,China,34.56N,108.97E
1963-08-01,23.767,0.394,Xian,China,34.56N,108.97E
1963-09-01,17.221,0.417,Xian,China,34.56N,108.97E
1963-10-01,12.029000000000002,0.508,Xian,China,34.56N,108.97E
1963-11-01,5.925000000000002,0.262,Xian,China,34.56N,108.97E
1963-12-01,-0.507,0.254,Xian,China,34.56N,108.97E
1964-01-01,-2.093,0.532,Xian,China,34.56N,108.97E
1964-02-01,-3.924,0.604,Xian,China,34.56N,108.97E
1964-03-01,7.096,0.302,Xian,China,34.56N,108.97E
1964-04-01,12.969000000000001,0.6679999999999999,Xian,China,34.56N,108.97E
1964-05-01,16.235999999999994,0.529,Xian,China,34.56N,108.97E
1964-06-01,21.955,0.315,Xian,China,34.56N,108.97E
1964-07-01,23.855,0.321,Xian,China,34.56N,108.97E
1964-08-01,23.636000000000006,0.345,Xian,China,34.56N,108.97E
1964-09-01,16.753,0.173,Xian,China,34.56N,108.97E
1964-10-01,12.058,0.338,Xian,China,34.56N,108.97E
1964-11-01,6.027,0.34700000000000003,Xian,China,34.56N,108.97E
1964-12-01,-0.384,0.341,Xian,China,34.56N,108.97E
1965-01-01,-0.2919999999999998,0.619,Xian,China,34.56N,108.97E
1965-02-01,1.534,0.399,Xian,China,34.56N,108.97E
1965-03-01,5.722,0.708,Xian,China,34.56N,108.97E
1965-04-01,11.677999999999999,1.135,Xian,China,34.56N,108.97E
1965-05-01,18.38,0.847,Xian,China,34.56N,108.97E
1965-06-01,22.708000000000002,0.448,Xian,China,34.56N,108.97E
1965-07-01,24.128,0.9,Xian,China,34.56N,108.97E
1965-08-01,22.413,0.255,Xian,China,34.56N,108.97E
1965-09-01,18.205,0.239,Xian,China,34.56N,108.97E
1965-10-01,12.529000000000002,0.505,Xian,China,34.56N,108.97E
1965-11-01,6.3100000000000005,0.382,Xian,China,34.56N,108.97E
1965-12-01,-1.4980000000000002,0.392,Xian,China,34.56N,108.97E
1966-01-01,-0.4609999999999999,0.682,Xian,China,34.56N,108.97E
1966-02-01,4.009,0.523,Xian,China,34.56N,108.97E
1966-03-01,7.801,0.731,Xian,China,34.56N,108.97E
1966-04-01,12.663,0.3,Xian,China,34.56N,108.97E
1966-05-01,17.782999999999994,0.34600000000000003,Xian,China,34.56N,108.97E
1966-06-01,23.991,0.7809999999999999,Xian,China,34.56N,108.97E
1966-07-01,25.055999999999997,0.348,Xian,China,34.56N,108.97E
1966-08-01,23.986,0.342,Xian,China,34.56N,108.97E
1966-09-01,16.607,0.444,Xian,China,34.56N,108.97E
1966-10-01,11.469000000000001,0.311,Xian,China,34.56N,108.97E
1966-11-01,5.0169999999999995,0.202,Xian,China,34.56N,108.97E
1966-12-01,-2.0069999999999997,0.353,Xian,China,34.56N,108.97E
1967-01-01,-3.11,0.273,Xian,China,34.56N,108.97E
1967-02-01,-0.7200000000000001,0.324,Xian,China,34.56N,108.97E
1967-03-01,6.257999999999999,0.37,Xian,China,34.56N,108.97E
1967-04-01,10.974,0.261,Xian,China,34.56N,108.97E
1967-05-01,18.411,0.248,Xian,China,34.56N,108.97E
1967-06-01,22.809,0.269,Xian,China,34.56N,108.97E
1967-07-01,24.348000000000003,0.6579999999999999,Xian,China,34.56N,108.97E
1967-08-01,25.119,0.402,Xian,China,34.56N,108.97E
1967-09-01,16.993,0.292,Xian,China,34.56N,108.97E
1967-10-01,11.922,0.505,Xian,China,34.56N,108.97E
1967-11-01,2.6580000000000004,0.242,Xian,China,34.56N,108.97E
1967-12-01,-4.169,0.439,Xian,China,34.56N,108.97E
1968-01-01,-2.924,0.777,Xian,China,34.56N,108.97E
1968-02-01,-1.815,0.343,Xian,China,34.56N,108.97E
1968-03-01,7.385999999999999,0.305,Xian,China,34.56N,108.97E
1968-04-01,11.969000000000001,0.243,Xian,China,34.56N,108.97E
1968-05-01,17.355999999999998,0.425,Xian,China,34.56N,108.97E
1968-06-01,23.794,0.499,Xian,China,34.56N,108.97E
1968-07-01,24.671,0.6709999999999999,Xian,China,34.56N,108.97E
1968-08-01,22.039,0.471,Xian,China,34.56N,108.97E
1968-09-01,17.092,0.423,Xian,China,34.56N,108.97E
1968-10-01,10.884,0.485,Xian,China,34.56N,108.97E
1968-11-01,6.2829999999999995,0.7709999999999999,Xian,China,34.56N,108.97E
1968-12-01,1.444,0.304,Xian,China,34.56N,108.97E
1969-01-01,-3.448,0.895,Xian,China,34.56N,108.97E
1969-02-01,-2.5130000000000003,1.165,Xian,China,34.56N,108.97E
1969-03-01,6.964,0.397,Xian,China,34.56N,108.97E
1969-04-01,12.081,0.892,Xian,China,34.56N,108.97E
1969-05-01,19.676,0.682,Xian,China,34.56N,108.97E
1969-06-01,23.0,0.828,Xian,China,34.56N,108.97E
1969-07-01,24.896,0.16399999999999998,Xian,China,34.56N,108.97E
1969-08-01,24.118,0.486,Xian,China,34.56N,108.97E
1969-09-01,17.735,0.226,Xian,China,34.56N,108.97E
1969-10-01,13.332,0.22,Xian,China,34.56N,108.97E
1969-11-01,3.2090000000000005,0.262,Xian,China,34.56N,108.97E
1969-12-01,-1.3880000000000001,0.265,Xian,China,34.56N,108.97E
1970-01-01,-2.292,0.304,Xian,China,34.56N,108.97E
1970-02-01,2.121,0.16899999999999998,Xian,China,34.56N,108.97E
1970-03-01,3.709,0.491,Xian,China,34.56N,108.97E
1970-04-01,11.154000000000002,0.471,Xian,China,34.56N,108.97E
1970-05-01,18.189,0.779,Xian,China,34.56N,108.97E
1970-06-01,21.043000000000003,0.24,Xian,China,34.56N,108.97E
1970-07-01,25.37,0.301,Xian,China,34.56N,108.97E
1970-08-01,23.873,0.315,Xian,China,34.56N,108.97E
1970-09-01,16.916999999999998,0.406,Xian,China,34.56N,108.97E
1970-10-01,11.487,0.22,Xian,China,34.56N,108.97E
1970-11-01,4.95,0.383,Xian,China,34.56N,108.97E
1970-12-01,-0.223,0.535,Xian,China,34.56N,108.97E
1971-01-01,-2.339,0.379,Xian,China,34.56N,108.97E
1971-02-01,-0.17500000000000004,0.7120000000000001,Xian,China,34.56N,108.97E
1971-03-01,6.4110000000000005,0.489,Xian,China,34.56N,108.97E
1971-04-01,11.838,0.447,Xian,China,34.56N,108.97E
1971-05-01,18.446,0.379,Xian,China,34.56N,108.97E
1971-06-01,21.191999999999997,0.183,Xian,China,34.56N,108.97E
1971-07-01,26.292,0.366,Xian,China,34.56N,108.97E
1971-08-01,23.796,0.3,Xian,China,34.56N,108.97E
1971-09-01,17.313,0.7090000000000001,Xian,China,34.56N,108.97E
1971-10-01,11.23,0.325,Xian,China,34.56N,108.97E
1971-11-01,5.107,0.269,Xian,China,34.56N,108.97E
1971-12-01,-0.879,0.638,Xian,China,34.56N,108.97E
1972-01-01,-1.751,0.7070000000000001,Xian,China,34.56N,108.97E
1972-02-01,-2.531,0.487,Xian,China,34.56N,108.97E
1972-03-01,6.824999999999998,0.431,Xian,China,34.56N,108.97E
1972-04-01,12.172,0.317,Xian,China,34.56N,108.97E
1972-05-01,18.127,0.401,Xian,China,34.56N,108.97E
1972-06-01,23.799,0.306,Xian,China,34.56N,108.97E
1972-07-01,23.645,0.545,Xian,China,34.56N,108.97E
1972-08-01,24.023000000000003,0.44,Xian,China,34.56N,108.97E
1972-09-01,16.924999999999994,0.31,Xian,China,34.56N,108.97E
1972-10-01,11.57,0.4,Xian,China,34.56N,108.97E
1972-11-01,5.945,0.132,Xian,China,34.56N,108.97E
1972-12-01,-0.6559999999999999,0.402,Xian,China,34.56N,108.97E
1973-01-01,-2.035,0.507,Xian,China,34.56N,108.97E
1973-02-01,2.9010000000000002,0.434,Xian,China,34.56N,108.97E
1973-03-01,8.328,0.32,Xian,China,34.56N,108.97E
1973-04-01,13.837,0.34600000000000003,Xian,China,34.56N,108.97E
1973-05-01,17.269000000000002,0.293,Xian,China,34.56N,108.97E
1973-06-01,23.05,0.26,Xian,China,34.56N,108.97E
1973-07-01,24.081999999999997,0.256,Xian,China,34.56N,108.97E
1973-08-01,24.548,0.297,Xian,China,34.56N,108.97E
1973-09-01,17.645,0.16899999999999998,Xian,China,34.56N,108.97E
1973-10-01,10.861999999999998,0.293,Xian,China,34.56N,108.97E
1973-11-01,6.324000000000002,0.406,Xian,China,34.56N,108.97E
1973-12-01,-0.09099999999999996,0.35600000000000004,Xian,China,34.56N,108.97E
1974-01-01,-2.613,0.579,Xian,China,34.56N,108.97E
1974-02-01,-0.7180000000000001,0.338,Xian,China,34.56N,108.97E
1974-03-01,5.6160000000000005,0.289,Xian,China,34.56N,108.97E
1974-04-01,14.311,0.516,Xian,China,34.56N,108.97E
1974-05-01,18.068,0.349,Xian,China,34.56N,108.97E
1974-06-01,22.486,0.32299999999999995,Xian,China,34.56N,108.97E
1974-07-01,25.151999999999997,0.18600000000000005,Xian,China,34.56N,108.97E
1974-08-01,22.975,0.339,Xian,China,34.56N,108.97E
1974-09-01,17.529999999999998,0.35600000000000004,Xian,China,34.56N,108.97E
1974-10-01,10.864,0.234,Xian,China,34.56N,108.97E
1974-11-01,6.007999999999999,0.537,Xian,China,34.56N,108.97E
1974-12-01,-2.733,1.015,Xian,China,34.56N,108.97E
1975-01-01,-0.8590000000000001,0.478,Xian,China,34.56N,108.97E
1975-02-01,1.6790000000000005,0.348,Xian,China,34.56N,108.97E
1975-03-01,6.9110000000000005,0.237,Xian,China,34.56N,108.97E
1975-04-01,11.800999999999998,0.197,Xian,China,34.56N,108.97E
1975-05-01,16.269000000000002,0.342,Xian,China,34.56N,108.97E
1975-06-01,22.574,0.274,Xian,China,34.56N,108.97E
1975-07-01,24.394000000000002,0.521,Xian,China,34.56N,108.97E
1975-08-01,24.695999999999998,0.457,Xian,China,34.56N,108.97E
1975-09-01,17.558999999999994,0.495,Xian,China,34.56N,108.97E
1975-10-01,11.797,0.227,Xian,China,34.56N,108.97E
1975-11-01,4.726,0.725,Xian,China,34.56N,108.97E
1975-12-01,-2.998,0.35100000000000003,Xian,China,34.56N,108.97E
1976-01-01,-1.775,0.424,Xian,China,34.56N,108.97E
1976-02-01,1.7990000000000002,0.366,Xian,China,34.56N,108.97E
1976-03-01,4.869999999999999,0.45,Xian,China,34.56N,108.97E
1976-04-01,11.05,0.18,Xian,China,34.56N,108.97E
1976-05-01,17.141,0.404,Xian,China,34.56N,108.97E
1976-06-01,21.941,0.331,Xian,China,34.56N,108.97E
1976-07-01,24.199,0.44,Xian,China,34.56N,108.97E
1976-08-01,21.29,0.394,Xian,China,34.56N,108.97E
1976-09-01,17.801,0.311,Xian,China,34.56N,108.97E
1976-10-01,12.589,0.23,Xian,China,34.56N,108.97E
1976-11-01,2.3610000000000007,0.39,Xian,China,34.56N,108.97E
1976-12-01,-1.409,0.489,Xian,China,34.56N,108.97E
1977-01-01,-5.303,0.468,Xian,China,34.56N,108.97E
1977-02-01,0.8260000000000001,0.342,Xian,China,34.56N,108.97E
1977-03-01,8.392000000000001,0.51,Xian,China,34.56N,108.97E
1977-04-01,13.252,0.343,Xian,China,34.56N,108.97E
1977-05-01,16.808,0.25,Xian,China,34.56N,108.97E
1977-06-01,22.785,0.335,Xian,China,34.56N,108.97E
1977-07-01,24.776,0.25,Xian,China,34.56N,108.97E
1977-08-01,23.364,0.251,Xian,China,34.56N,108.97E
1977-09-01,19.042,0.23,Xian,China,34.56N,108.97E
1977-10-01,13.944,0.215,Xian,China,34.56N,108.97E
1977-11-01,5.456,0.318,Xian,China,34.56N,108.97E
1977-12-01,1.0830000000000002,0.308,Xian,China,34.56N,108.97E
1978-01-01,-1.544,0.5489999999999999,Xian,China,34.56N,108.97E
1978-02-01,-0.07299999999999995,0.38,Xian,China,34.56N,108.97E
1978-03-01,6.069,0.403,Xian,China,34.56N,108.97E
1978-04-01,14.4,0.475,Xian,China,34.56N,108.97E
1978-05-01,19.142,0.174,Xian,China,34.56N,108.97E
1978-06-01,22.855,0.208,Xian,China,34.56N,108.97E
1978-07-01,23.796999999999997,0.779,Xian,China,34.56N,108.97E
1978-08-01,24.57,0.214,Xian,China,34.56N,108.97E
1978-09-01,18.046,0.192,Xian,China,34.56N,108.97E
1978-10-01,11.812000000000001,0.1,Xian,China,34.56N,108.97E
1978-11-01,5.629,0.488,Xian,China,34.56N,108.97E
1978-12-01,0.6669999999999998,0.7509999999999999,Xian,China,34.56N,108.97E
1979-01-01,-0.09099999999999976,0.536,Xian,China,34.56N,108.97E
1979-02-01,3.918,0.81,Xian,China,34.56N,108.97E
1979-03-01,6.001,0.236,Xian,China,34.56N,108.97E
1979-04-01,11.947000000000001,0.6759999999999999,Xian,China,34.56N,108.97E
1979-05-01,16.252,0.685,Xian,China,34.56N,108.97E
1979-06-01,23.683000000000003,0.77,Xian,China,34.56N,108.97E
1979-07-01,23.686,0.478,Xian,China,34.56N,108.97E
1979-08-01,23.355,0.628,Xian,China,34.56N,108.97E
1979-09-01,16.645,0.436,Xian,China,34.56N,108.97E
1979-10-01,13.611999999999998,0.7,Xian,China,34.56N,108.97E
1979-11-01,4.421,0.41,Xian,China,34.56N,108.97E
1979-12-01,1.19,0.736,Xian,China,34.56N,108.97E
1980-01-01,-2.106,0.33,Xian,China,34.56N,108.97E
1980-02-01,-0.3640000000000001,0.214,Xian,China,34.56N,108.97E
1980-03-01,4.993,0.48,Xian,China,34.56N,108.97E
1980-04-01,12.677999999999999,0.464,Xian,China,34.56N,108.97E
1980-05-01,17.675,0.168,Xian,China,34.56N,108.97E
1980-06-01,21.962,0.414,Xian,China,34.56N,108.97E
1980-07-01,23.077,0.6559999999999999,Xian,China,34.56N,108.97E
1980-08-01,22.194000000000006,0.229,Xian,China,34.56N,108.97E
1980-09-01,17.209999999999994,0.378,Xian,China,34.56N,108.97E
1980-10-01,12.456,0.166,Xian,China,34.56N,108.97E
1980-11-01,7.455,0.335,Xian,China,34.56N,108.97E
1980-12-01,0.18099999999999994,0.203,Xian,China,34.56N,108.97E
1981-01-01,-2.63,0.38,Xian,China,34.56N,108.97E
1981-02-01,1.2209999999999999,0.201,Xian,China,34.56N,108.97E
1981-03-01,8.536999999999999,0.19,Xian,China,34.56N,108.97E
1981-04-01,12.719000000000001,0.371,Xian,China,34.56N,108.97E
1981-05-01,18.68,0.38,Xian,China,34.56N,108.97E
1981-06-01,23.455,0.5429999999999999,Xian,China,34.56N,108.97E
1981-07-01,24.752,0.622,Xian,China,34.56N,108.97E
1981-08-01,22.784,0.502,Xian,China,34.56N,108.97E
1981-09-01,17.197999999999997,0.28,Xian,China,34.56N,108.97E
1981-10-01,9.39,0.305,Xian,China,34.56N,108.97E
1981-11-01,3.9170000000000007,0.14300000000000002,Xian,China,34.56N,108.97E
1981-12-01,-1.344,0.387,Xian,China,34.56N,108.97E
1982-01-01,-0.5630000000000002,0.609,Xian,China,34.56N,108.97E
1982-02-01,1.2930000000000001,0.72,Xian,China,34.56N,108.97E
1982-03-01,6.3519999999999985,0.446,Xian,China,34.56N,108.97E
1982-04-01,12.09,0.444,Xian,China,34.56N,108.97E
1982-05-01,18.914,0.264,Xian,China,34.56N,108.97E
1982-06-01,22.322,0.182,Xian,China,34.56N,108.97E
1982-07-01,23.803,0.342,Xian,China,34.56N,108.97E
1982-08-01,21.64,0.262,Xian,China,34.56N,108.97E
1982-09-01,16.647000000000002,0.16699999999999998,Xian,China,34.56N,108.97E
1982-10-01,13.736999999999998,0.171,Xian,China,34.56N,108.97E
1982-11-01,4.843999999999999,0.379,Xian,China,34.56N,108.97E
1982-12-01,-1.1800000000000002,0.609,Xian,China,34.56N,108.97E
1983-01-01,-2.464,0.189,Xian,China,34.56N,108.97E
1983-02-01,0.76,0.35700000000000004,Xian,China,34.56N,108.97E
1983-03-01,5.683,0.6579999999999999,Xian,China,34.56N,108.97E
1983-04-01,12.491,0.63,Xian,China,34.56N,108.97E
1983-05-01,17.535999999999998,0.38,Xian,China,34.56N,108.97E
1983-06-01,20.939,0.442,Xian,China,34.56N,108.97E
1983-07-01,22.78,0.551,Xian,China,34.56N,108.97E
1983-08-01,22.059,0.435,Xian,China,34.56N,108.97E
1983-09-01,17.977999999999994,0.145,Xian,China,34.56N,108.97E
1983-10-01,11.762,0.16699999999999998,Xian,China,34.56N,108.97E
1983-11-01,6.4540000000000015,0.276,Xian,China,34.56N,108.97E
1983-12-01,-0.121,0.413,Xian,China,34.56N,108.97E
1984-01-01,-3.0839999999999996,0.526,Xian,China,34.56N,108.97E
1984-02-01,-1.02,0.45,Xian,China,34.56N,108.97E
1984-03-01,6.7410000000000005,0.3670000000000001,Xian,China,34.56N,108.97E
1984-04-01,12.837,0.083,Xian,China,34.56N,108.97E
1984-05-01,17.506999999999998,0.3670000000000001,Xian,China,34.56N,108.97E
1984-06-01,21.644000000000002,0.477,Xian,China,34.56N,108.97E
1984-07-01,22.683000000000003,0.897,Xian,China,34.56N,108.97E
1984-08-01,22.998,0.309,Xian,China,34.56N,108.97E
1984-09-01,16.104,0.3720000000000001,Xian,China,34.56N,108.97E
1984-10-01,11.48,0.317,Xian,China,34.56N,108.97E
1984-11-01,5.984,0.324,Xian,China,34.56N,108.97E
1984-12-01,-3.374,0.589,Xian,China,34.56N,108.97E
1985-01-01,-2.158,0.211,Xian,China,34.56N,108.97E
1985-02-01,0.8909999999999999,0.433,Xian,China,34.56N,108.97E
1985-03-01,4.159,0.136,Xian,China,34.56N,108.97E
1985-04-01,13.630999999999998,0.327,Xian,China,34.56N,108.97E
1985-05-01,17.781,0.451,Xian,China,34.56N,108.97E
1985-06-01,21.869,0.462,Xian,China,34.56N,108.97E
1985-07-01,24.843000000000004,0.293,Xian,China,34.56N,108.97E
1985-08-01,23.956,0.253,Xian,China,34.56N,108.97E
1985-09-01,16.043,0.374,Xian,China,34.56N,108.97E
1985-10-01,11.527000000000001,0.284,Xian,China,34.56N,108.97E
1985-11-01,4.803,0.211,Xian,China,34.56N,108.97E
1985-12-01,-1.5319999999999998,0.38,Xian,China,34.56N,108.97E
1986-01-01,-0.685,0.561,Xian,China,34.56N,108.97E
1986-02-01,0.255,0.287,Xian,China,34.56N,108.97E
1986-03-01,6.098,0.316,Xian,China,34.56N,108.97E
1986-04-01,12.208,0.425,Xian,China,34.56N,108.97E
1986-05-01,19.096,0.324,Xian,China,34.56N,108.97E
1986-06-01,22.357,0.271,Xian,China,34.56N,108.97E
1986-07-01,24.166,0.158,Xian,China,34.56N,108.97E
1986-08-01,23.118,0.287,Xian,China,34.56N,108.97E
1986-09-01,18.27,0.439,Xian,China,34.56N,108.97E
1986-10-01,11.107000000000001,0.134,Xian,China,34.56N,108.97E
1986-11-01,4.0520000000000005,0.371,Xian,China,34.56N,108.97E
1986-12-01,0.216,0.205,Xian,China,34.56N,108.97E
1987-01-01,0.08599999999999985,0.381,Xian,China,34.56N,108.97E
1987-02-01,3.1839999999999997,0.387,Xian,China,34.56N,108.97E
1987-03-01,5.627999999999999,0.594,Xian,China,34.56N,108.97E
1987-04-01,13.169,0.306,Xian,China,34.56N,108.97E
1987-05-01,17.637,0.212,Xian,China,34.56N,108.97E
1987-06-01,20.691999999999997,0.7909999999999999,Xian,China,34.56N,108.97E
1987-07-01,24.497,0.272,Xian,China,34.56N,108.97E
1987-08-01,23.456999999999997,0.32299999999999995,Xian,China,34.56N,108.97E
1987-09-01,19.584,0.713,Xian,China,34.56N,108.97E
1987-10-01,13.392000000000001,0.246,Xian,China,34.56N,108.97E
1987-11-01,5.479,0.32,Xian,China,34.56N,108.97E
1987-12-01,0.34599999999999986,0.203,Xian,China,34.56N,108.97E
1988-01-01,-0.959,0.375,Xian,China,34.56N,108.97E
1988-02-01,-0.18000000000000005,0.262,Xian,China,34.56N,108.97E
1988-03-01,3.149,0.339,Xian,China,34.56N,108.97E
1988-04-01,12.901,0.295,Xian,China,34.56N,108.97E
1988-05-01,18.407,0.183,Xian,China,34.56N,108.97E
1988-06-01,23.590999999999998,0.464,Xian,China,34.56N,108.97E
1988-07-01,23.642,0.467,Xian,China,34.56N,108.97E
1988-08-01,22.355999999999998,0.136,Xian,China,34.56N,108.97E
1988-09-01,18.053,0.375,Xian,China,34.56N,108.97E
1988-10-01,11.872,0.317,Xian,China,34.56N,108.97E
1988-11-01,6.3370000000000015,0.415,Xian,China,34.56N,108.97E
1988-12-01,0.3840000000000001,0.336,Xian,China,34.56N,108.97E
1989-01-01,-2.712,0.293,Xian,China,34.56N,108.97E
1989-02-01,-0.485,0.338,Xian,China,34.56N,108.97E
1989-03-01,5.584,0.5670000000000001,Xian,China,34.56N,108.97E
1989-04-01,12.475,0.725,Xian,China,34.56N,108.97E
1989-05-01,17.712999999999994,0.42,Xian,China,34.56N,108.97E
1989-06-01,22.059,0.445,Xian,China,34.56N,108.97E
1989-07-01,23.799,0.483,Xian,China,34.56N,108.97E
1989-08-01,22.136000000000006,0.528,Xian,China,34.56N,108.97E
1989-09-01,18.312,0.402,Xian,China,34.56N,108.97E
1989-10-01,13.122,0.33,Xian,China,34.56N,108.97E
1989-11-01,4.032,0.327,Xian,China,34.56N,108.97E
1989-12-01,1.7710000000000004,0.695,Xian,China,34.56N,108.97E
1990-01-01,-1.758,0.6859999999999999,Xian,China,34.56N,108.97E
1990-02-01,0.498,0.327,Xian,China,34.56N,108.97E
1990-03-01,7.056,0.457,Xian,China,34.56N,108.97E
1990-04-01,11.475,0.333,Xian,China,34.56N,108.97E
1990-05-01,17.846999999999994,0.22,Xian,China,34.56N,108.97E
1990-06-01,22.07,0.5670000000000001,Xian,China,34.56N,108.97E
1990-07-01,24.769000000000002,0.426,Xian,China,34.56N,108.97E
1990-08-01,23.449,0.872,Xian,China,34.56N,108.97E
1990-09-01,19.365,0.202,Xian,China,34.56N,108.97E
1990-10-01,12.463,0.297,Xian,China,34.56N,108.97E
1990-11-01,7.591,0.5,Xian,China,34.56N,108.97E
1990-12-01,0.2429999999999999,0.542,Xian,China,34.56N,108.97E
1991-01-01,-0.8199999999999998,0.232,Xian,China,34.56N,108.97E
1991-02-01,1.961,0.411,Xian,China,34.56N,108.97E
1991-03-01,5.965999999999998,0.642,Xian,China,34.56N,108.97E
1991-04-01,12.12,0.381,Xian,China,34.56N,108.97E
1991-05-01,16.585,0.232,Xian,China,34.56N,108.97E
1991-06-01,22.535,0.294,Xian,China,34.56N,108.97E
1991-07-01,25.861,0.7929999999999999,Xian,China,34.56N,108.97E
1991-08-01,23.065,0.441,Xian,China,34.56N,108.97E
1991-09-01,18.568,0.3,Xian,China,34.56N,108.97E
1991-10-01,11.839,0.665,Xian,China,34.56N,108.97E
1991-11-01,4.718,0.477,Xian,China,34.56N,108.97E
1991-12-01,-0.942,0.27,Xian,China,34.56N,108.97E
1992-01-01,-1.825,0.326,Xian,China,34.56N,108.97E
1992-02-01,1.6369999999999998,0.498,Xian,China,34.56N,108.97E
1992-03-01,4.878,0.319,Xian,China,34.56N,108.97E
1992-04-01,14.282,0.426,Xian,China,34.56N,108.97E
1992-05-01,18.077,0.35,Xian,China,34.56N,108.97E
1992-06-01,21.333000000000002,0.318,Xian,China,34.56N,108.97E
1992-07-01,24.606,0.366,Xian,China,34.56N,108.97E
1992-08-01,22.899,0.328,Xian,China,34.56N,108.97E
1992-09-01,16.634,0.353,Xian,China,34.56N,108.97E
1992-10-01,9.907,0.16399999999999998,Xian,China,34.56N,108.97E
1992-11-01,4.8690000000000015,0.242,Xian,China,34.56N,108.97E
1992-12-01,0.216,0.443,Xian,China,34.56N,108.97E
1993-01-01,-3.654,0.416,Xian,China,34.56N,108.97E
1993-02-01,2.735,0.29100000000000004,Xian,China,34.56N,108.97E
1993-03-01,6.376,0.28,Xian,China,34.56N,108.97E
1993-04-01,13.030999999999999,0.231,Xian,China,34.56N,108.97E
1993-05-01,15.755999999999998,0.36,Xian,China,34.56N,108.97E
1993-06-01,22.285999999999998,0.237,Xian,China,34.56N,108.97E
1993-07-01,23.44,0.438,Xian,China,34.56N,108.97E
1993-08-01,21.399,0.177,Xian,China,34.56N,108.97E
1993-09-01,18.133,0.161,Xian,China,34.56N,108.97E
1993-10-01,11.507,0.249,Xian,China,34.56N,108.97E
1993-11-01,4.2139999999999995,0.118,Xian,China,34.56N,108.97E
1993-12-01,-1.1920000000000002,0.206,Xian,China,34.56N,108.97E
1994-01-01,-1.2990000000000002,0.431,Xian,China,34.56N,108.97E
1994-02-01,0.972,0.491,Xian,China,34.56N,108.97E
1994-03-01,5.688,0.445,Xian,China,34.56N,108.97E
1994-04-01,13.079,0.249,Xian,China,34.56N,108.97E
1994-05-01,19.907,0.4320000000000001,Xian,China,34.56N,108.97E
1994-06-01,22.059,0.282,Xian,China,34.56N,108.97E
1994-07-01,25.211,0.184,Xian,China,34.56N,108.97E
1994-08-01,24.886000000000006,0.4370000000000001,Xian,China,34.56N,108.97E
1994-09-01,17.357999999999997,0.35700000000000004,Xian,China,34.56N,108.97E
1994-10-01,10.369000000000002,0.29,Xian,China,34.56N,108.97E
1994-11-01,7.059,0.265,Xian,China,34.56N,108.97E
1994-12-01,0.413,0.341,Xian,China,34.56N,108.97E
1995-01-01,-1.742,0.463,Xian,China,34.56N,108.97E
1995-02-01,1.91,0.556,Xian,China,34.56N,108.97E
1995-03-01,6.7349999999999985,0.488,Xian,China,34.56N,108.97E
1995-04-01,12.022,0.489,Xian,China,34.56N,108.97E
1995-05-01,19.115,0.43,Xian,China,34.56N,108.97E
1995-06-01,24.213,0.207,Xian,China,34.56N,108.97E
1995-07-01,25.908,0.332,Xian,China,34.56N,108.97E
1995-08-01,23.003,0.156,Xian,China,34.56N,108.97E
1995-09-01,18.611,0.329,Xian,China,34.56N,108.97E
1995-10-01,12.034,0.235,Xian,China,34.56N,108.97E
1995-11-01,5.775,0.259,Xian,China,34.56N,108.97E
1995-12-01,-0.545,0.342,Xian,China,34.56N,108.97E
1996-01-01,-2.227,0.332,Xian,China,34.56N,108.97E
1996-02-01,0.16299999999999998,0.345,Xian,China,34.56N,108.97E
1996-03-01,4.979,0.332,Xian,China,34.56N,108.97E
1996-04-01,11.282,0.48,Xian,China,34.56N,108.97E
1996-05-01,17.352999999999998,0.312,Xian,China,34.56N,108.97E
1996-06-01,21.868000000000002,0.355,Xian,China,34.56N,108.97E
1996-07-01,24.345,0.301,Xian,China,34.56N,108.97E
1996-08-01,23.057,0.265,Xian,China,34.56N,108.97E
1996-09-01,17.955,0.328,Xian,China,34.56N,108.97E
1996-10-01,12.114999999999998,0.116,Xian,China,34.56N,108.97E
1996-11-01,4.582000000000002,0.105,Xian,China,34.56N,108.97E
1996-12-01,0.8999999999999999,0.4,Xian,China,34.56N,108.97E
1997-01-01,-1.463,0.447,Xian,China,34.56N,108.97E
1997-02-01,1.715,0.601,Xian,China,34.56N,108.97E
1997-03-01,8.035,0.287,Xian,China,34.56N,108.97E
1997-04-01,12.69,0.198,Xian,China,34.56N,108.97E
1997-05-01,19.593,0.292,Xian,China,34.56N,108.97E
1997-06-01,23.784000000000002,0.464,Xian,China,34.56N,108.97E
1997-07-01,25.481,0.237,Xian,China,34.56N,108.97E
1997-08-01,25.304,0.317,Xian,China,34.56N,108.97E
1997-09-01,17.930999999999994,0.594,Xian,China,34.56N,108.97E
1997-10-01,12.547999999999998,0.4,Xian,China,34.56N,108.97E
1997-11-01,4.79,0.28600000000000003,Xian,China,34.56N,108.97E
1997-12-01,-0.395,0.273,Xian,China,34.56N,108.97E
1998-01-01,-2.488,0.215,Xian,China,34.56N,108.97E
1998-02-01,3.233,0.188,Xian,China,34.56N,108.97E
1998-03-01,5.893,0.438,Xian,China,34.56N,108.97E
1998-04-01,15.66,0.314,Xian,China,34.56N,108.97E
1998-05-01,16.893,0.464,Xian,China,34.56N,108.97E
1998-06-01,23.55,0.27,Xian,China,34.56N,108.97E
1998-07-01,24.791,0.42,Xian,China,34.56N,108.97E
1998-08-01,22.898000000000003,0.436,Xian,China,34.56N,108.97E
1998-09-01,19.951,0.14800000000000002,Xian,China,34.56N,108.97E
1998-10-01,13.258,0.302,Xian,China,34.56N,108.97E
1998-11-01,8.052,0.412,Xian,China,34.56N,108.97E
1998-12-01,1.931,0.404,Xian,China,34.56N,108.97E
1999-01-01,0.15300000000000002,0.114,Xian,China,34.56N,108.97E
1999-02-01,3.628,0.274,Xian,China,34.56N,108.97E
1999-03-01,7.090999999999998,0.205,Xian,China,34.56N,108.97E
1999-04-01,14.104000000000001,0.257,Xian,China,34.56N,108.97E
1999-05-01,18.312,0.7090000000000001,Xian,China,34.56N,108.97E
1999-06-01,22.479,0.93,Xian,China,34.56N,108.97E
1999-07-01,24.446,0.545,Xian,China,34.56N,108.97E
1999-08-01,24.022,0.36,Xian,China,34.56N,108.97E
1999-09-01,19.962,0.373,Xian,China,34.56N,108.97E
1999-10-01,11.949000000000002,0.153,Xian,China,34.56N,108.97E
1999-11-01,5.9750000000000005,0.119,Xian,China,34.56N,108.97E
1999-12-01,0.22499999999999987,0.446,Xian,China,34.56N,108.97E
2000-01-01,-2.819,0.377,Xian,China,34.56N,108.97E
2000-02-01,0.943,0.253,Xian,China,34.56N,108.97E
2000-03-01,8.997,0.322,Xian,China,34.56N,108.97E
2000-04-01,13.714,0.45,Xian,China,34.56N,108.97E
2000-05-01,20.568,0.499,Xian,China,34.56N,108.97E
2000-06-01,22.386999999999997,0.507,Xian,China,34.56N,108.97E
2000-07-01,25.578000000000003,0.455,Xian,China,34.56N,108.97E
2000-08-01,22.517,0.481,Xian,China,34.56N,108.97E
2000-09-01,17.822999999999997,0.4,Xian,China,34.56N,108.97E
2000-10-01,11.116,0.333,Xian,China,34.56N,108.97E
2000-11-01,4.0950000000000015,0.313,Xian,China,34.56N,108.97E
2000-12-01,1.265,0.182,Xian,China,34.56N,108.97E
2001-01-01,-1.249,0.322,Xian,China,34.56N,108.97E
2001-02-01,2.6489999999999996,0.161,Xian,China,34.56N,108.97E
2001-03-01,8.873,0.474,Xian,China,34.56N,108.97E
2001-04-01,12.072000000000001,0.309,Xian,China,34.56N,108.97E
2001-05-01,19.679000000000002,0.35600000000000004,Xian,China,34.56N,108.97E
2001-06-01,23.561,0.264,Xian,China,34.56N,108.97E
2001-07-01,26.094,0.101,Xian,China,34.56N,108.97E
2001-08-01,23.148000000000003,0.617,Xian,China,34.56N,108.97E
2001-09-01,17.4,0.364,Xian,China,34.56N,108.97E
2001-10-01,12.659,0.266,Xian,China,34.56N,108.97E
2001-11-01,5.987,0.147,Xian,China,34.56N,108.97E
2001-12-01,-1.6909999999999998,0.334,Xian,China,34.56N,108.97E
2002-01-01,1.156,0.326,Xian,China,34.56N,108.97E
2002-02-01,4.302,0.135,Xian,China,34.56N,108.97E
2002-03-01,9.357000000000001,0.223,Xian,China,34.56N,108.97E
2002-04-01,13.001,0.409,Xian,China,34.56N,108.97E
2002-05-01,17.176,0.703,Xian,China,34.56N,108.97E
2002-06-01,24.147,0.8270000000000001,Xian,China,34.56N,108.97E
2002-07-01,25.513,0.715,Xian,China,34.56N,108.97E
2002-08-01,23.497,0.245,Xian,China,34.56N,108.97E
2002-09-01,18.337,0.154,Xian,China,34.56N,108.97E
2002-10-01,12.803999999999998,0.45,Xian,China,34.56N,108.97E
2002-11-01,6.0920000000000005,0.4370000000000001,Xian,China,34.56N,108.97E
2002-12-01,-1.59,0.17800000000000002,Xian,China,34.56N,108.97E
2003-01-01,-1.3319999999999999,0.277,Xian,China,34.56N,108.97E
2003-02-01,3.205,0.207,Xian,China,34.56N,108.97E
2003-03-01,6.603,0.28600000000000003,Xian,China,34.56N,108.97E
2003-04-01,12.495999999999999,0.278,Xian,China,34.56N,108.97E
2003-05-01,18.365,0.35600000000000004,Xian,China,34.56N,108.97E
2003-06-01,23.329,0.295,Xian,China,34.56N,108.97E
2003-07-01,24.063000000000002,0.269,Xian,China,34.56N,108.97E
2003-08-01,21.682,0.64,Xian,China,34.56N,108.97E
2003-09-01,18.643,0.204,Xian,China,34.56N,108.97E
2003-10-01,11.369000000000002,0.215,Xian,China,34.56N,108.97E
2003-11-01,4.599,0.245,Xian,China,34.56N,108.97E
2003-12-01,-0.273,0.209,Xian,China,34.56N,108.97E
2004-01-01,-1.43,0.191,Xian,China,34.56N,108.97E
2004-02-01,3.329,1.161,Xian,China,34.56N,108.97E
2004-03-01,8.498,0.295,Xian,China,34.56N,108.97E
2004-04-01,15.942,0.272,Xian,China,34.56N,108.97E
2004-05-01,18.947,0.455,Xian,China,34.56N,108.97E
2004-06-01,22.76,0.309,Xian,China,34.56N,108.97E
2004-07-01,24.404,0.64,Xian,China,34.56N,108.97E
2004-08-01,22.461,0.34,Xian,China,34.56N,108.97E
2004-09-01,17.889,0.285,Xian,China,34.56N,108.97E
2004-10-01,11.229000000000001,0.281,Xian,China,34.56N,108.97E
2004-11-01,5.7200000000000015,0.157,Xian,China,34.56N,108.97E
2004-12-01,0.18999999999999995,0.19,Xian,China,34.56N,108.97E
2005-01-01,-2.209,0.271,Xian,China,34.56N,108.97E
2005-02-01,-0.232,0.235,Xian,China,34.56N,108.97E
2005-03-01,7.0520000000000005,0.228,Xian,China,34.56N,108.97E
2005-04-01,15.527999999999999,0.544,Xian,China,34.56N,108.97E
2005-05-01,19.033,0.401,Xian,China,34.56N,108.97E
2005-06-01,24.538,1.157,Xian,China,34.56N,108.97E
2005-07-01,25.045,0.429,Xian,China,34.56N,108.97E
2005-08-01,21.881999999999998,0.306,Xian,China,34.56N,108.97E
2005-09-01,19.307000000000002,0.402,Xian,China,34.56N,108.97E
2005-10-01,11.386,0.331,Xian,China,34.56N,108.97E
2005-11-01,7.09,0.405,Xian,China,34.56N,108.97E
2005-12-01,-1.483,0.877,Xian,China,34.56N,108.97E
2006-01-01,-1.551,0.341,Xian,China,34.56N,108.97E
2006-02-01,2.063,0.349,Xian,China,34.56N,108.97E
2006-03-01,8.482999999999999,0.266,Xian,China,34.56N,108.97E
2006-04-01,14.171,0.473,Xian,China,34.56N,108.97E
2006-05-01,19.04,0.316,Xian,China,34.56N,108.97E
2006-06-01,24.16,0.35700000000000004,Xian,China,34.56N,108.97E
2006-07-01,25.956999999999997,0.727,Xian,China,34.56N,108.97E
2006-08-01,24.342,0.196,Xian,China,34.56N,108.97E
2006-09-01,17.316,0.263,Xian,China,34.56N,108.97E
2006-10-01,14.595,0.213,Xian,China,34.56N,108.97E
2006-11-01,7.062,0.38,Xian,China,34.56N,108.97E
2006-12-01,0.2509999999999999,0.233,Xian,China,34.56N,108.97E
2007-01-01,-0.919,0.483,Xian,China,34.56N,108.97E
2007-02-01,5.14,0.514,Xian,China,34.56N,108.97E
2007-03-01,7.547000000000001,0.341,Xian,China,34.56N,108.97E
2007-04-01,13.527999999999999,0.409,Xian,China,34.56N,108.97E
2007-05-01,21.06,0.28600000000000003,Xian,China,34.56N,108.97E
2007-06-01,23.385,0.414,Xian,China,34.56N,108.97E
2007-07-01,23.53,0.433,Xian,China,34.56N,108.97E
2007-08-01,23.794,0.589,Xian,China,34.56N,108.97E
2007-09-01,17.668999999999997,0.276,Xian,China,34.56N,108.97E
2007-10-01,11.421,0.278,Xian,China,34.56N,108.97E
2007-11-01,6.756,0.271,Xian,China,34.56N,108.97E
2007-12-01,0.2789999999999999,0.375,Xian,China,34.56N,108.97E
2008-01-01,-4.311,0.415,Xian,China,34.56N,108.97E
2008-02-01,-0.8759999999999999,0.436,Xian,China,34.56N,108.97E
2008-03-01,9.492,0.171,Xian,China,34.56N,108.97E
2008-04-01,13.467,0.3670000000000001,Xian,China,34.56N,108.97E
2008-05-01,19.813,0.4,Xian,China,34.56N,108.97E
2008-06-01,23.005,0.342,Xian,China,34.56N,108.97E
2008-07-01,24.75,0.282,Xian,China,34.56N,108.97E
2008-08-01,23.049,0.354,Xian,China,34.56N,108.97E
2008-09-01,18.165,0.309,Xian,China,34.56N,108.97E
2008-10-01,12.691,0.197,Xian,China,34.56N,108.97E
2008-11-01,5.971,0.348,Xian,China,34.56N,108.97E
2008-12-01,0.329,0.277,Xian,China,34.56N,108.97E
2009-01-01,-1.516,0.425,Xian,China,34.56N,108.97E
2009-02-01,4.333,0.303,Xian,China,34.56N,108.97E
2009-03-01,8.216000000000001,0.26,Xian,China,34.56N,108.97E
2009-04-01,14.222999999999999,0.313,Xian,China,34.56N,108.97E
2009-05-01,17.735,0.282,Xian,China,34.56N,108.97E
2009-06-01,24.563000000000002,0.303,Xian,China,34.56N,108.97E
2009-07-01,25.5,0.39,Xian,China,34.56N,108.97E
2009-08-01,22.429,0.3,Xian,China,34.56N,108.97E
2009-09-01,18.459,0.374,Xian,China,34.56N,108.97E
2009-10-01,14.195,0.163,Xian,China,34.56N,108.97E
2009-11-01,2.9160000000000004,0.675,Xian,China,34.56N,108.97E
2009-12-01,-0.7120000000000001,0.259,Xian,China,34.56N,108.97E
2010-01-01,-0.2369999999999997,0.5539999999999999,Xian,China,34.56N,108.97E
2010-02-01,2.5810000000000004,0.377,Xian,China,34.56N,108.97E
2010-03-01,6.9689999999999985,0.297,Xian,China,34.56N,108.97E
2010-04-01,11.377,0.19,Xian,China,34.56N,108.97E
2010-05-01,18.365,0.218,Xian,China,34.56N,108.97E
2010-06-01,23.357,0.465,Xian,China,34.56N,108.97E
2010-07-01,25.721999999999998,0.276,Xian,China,34.56N,108.97E
2010-08-01,23.434,0.211,Xian,China,34.56N,108.97E
2010-09-01,19.63,0.24,Xian,China,34.56N,108.97E
2010-10-01,12.292,0.122,Xian,China,34.56N,108.97E
2010-11-01,6.742000000000001,0.324,Xian,China,34.56N,108.97E
2010-12-01,0.845,0.383,Xian,China,34.56N,108.97E
2011-01-01,-4.811,0.5589999999999999,Xian,China,34.56N,108.97E
2011-02-01,2.43,0.241,Xian,China,34.56N,108.97E
2011-03-01,5.924,0.524,Xian,China,34.56N,108.97E
2011-04-01,14.876,0.363,Xian,China,34.56N,108.97E
2011-05-01,18.225,0.266,Xian,China,34.56N,108.97E
2011-06-01,23.879,0.5329999999999999,Xian,China,34.56N,108.97E
2011-07-01,24.895,0.343,Xian,China,34.56N,108.97E
2011-08-01,23.069000000000006,0.301,Xian,China,34.56N,108.97E
2011-09-01,16.775,0.208,Xian,China,34.56N,108.97E
2011-10-01,12.587,0.294,Xian,China,34.56N,108.97E
2011-11-01,7.543000000000001,0.391,Xian,China,34.56N,108.97E
2011-12-01,-0.4900000000000001,0.664,Xian,China,34.56N,108.97E
2012-01-01,-2.416,0.568,Xian,China,34.56N,108.97E
2012-02-01,0.16200000000000006,0.505,Xian,China,34.56N,108.97E
2012-03-01,6.43,0.249,Xian,China,34.56N,108.97E
2012-04-01,14.908,0.382,Xian,China,34.56N,108.97E
2012-05-01,19.041,0.3720000000000001,Xian,China,34.56N,108.97E
2012-06-01,22.781,1.4480000000000002,Xian,China,34.56N,108.97E
2012-07-01,24.646,1.75,Xian,China,34.56N,108.97E
2012-08-01,23.885,0.435,Xian,China,34.56N,108.97E
2012-09-01,17.028,1.405,Xian,China,34.56N,108.97E
2012-10-01,12.399000000000001,0.526,Xian,China,34.56N,108.97E
2012-11-01,4.7360000000000015,0.519,Xian,China,34.56N,108.97E
2012-12-01,-0.8220000000000001,0.451,Xian,China,34.56N,108.97E
2013-01-01,-1.6349999999999998,0.4320000000000001,Xian,China,34.56N,108.97E
2013-02-01,2.362,0.5579999999999999,Xian,China,34.56N,108.97E
2013-03-01,10.11,0.48,Xian,China,34.56N,108.97E
2013-04-01,12.562999999999999,1.823,Xian,China,34.56N,108.97E
2013-05-01,18.979,0.807,Xian,China,34.56N,108.97E
2013-06-01,23.522,0.647,Xian,China,34.56N,108.97E
2013-07-01,25.251,1.042,Xian,China,34.56N,108.97E
2013-08-01,24.528,0.84,Xian,China,34.56N,108.97E
2013-09-01,,,Xian,China,34.56N,108.97E
