(Asia,{
(1875-01-01,-7.973,0.741,Asia),
(1816-04-01,6.981999999999998,2.937,Asia),
(1816-05-01,13.985,1.88,Asia),
(1816-06-01,17.82,1.668,Asia),
(1816-07-01,18.944000000000003,1.685,Asia),
(1816-08-01,18.688,1.318,Asia),
(1816-09-01,13.554,1.403,Asia),
(1816-10-01,4.489999999999998,4.267,Asia),
(1816-11-01,-1.278,4.919,Asia),
(1816-12-01,-7.257000000000001,2.195,Asia),
(1817-01-01,-8.056000000000001,3.599,Asia),
(1817-02-01,-4.15,2.523,Asia),
(1817-03-01,0.536,2.342,Asia),
(1817-04-01,7.696999999999999,2.088,Asia),
(1817-05-01,12.853,1.957,Asia),
(1817-06-01,16.962000000000003,1.584,Asia),
(1817-07-01,19.248,1.381,Asia),
(1817-08-01,19.727,1.641,Asia),
(1817-09-01,11.808,2.061,Asia),
(1817-10-01,5.046999999999999,2.443,Asia),
(1817-11-01,-1.0730000000000002,2.406,Asia),
(1817-12-01,-9.253,2.489,Asia),
(1818-01-01,-8.118,2.924,Asia),
(1818-02-01,-7.1709999999999985,2.145,Asia),
(1818-03-01,,,Asia),
(1818-04-01,9.478,4.0,Asia),
(1818-05-01,14.749,2.422,Asia),
(1818-06-01,19.872,3.042,Asia),
(1818-07-01,20.193,1.994,Asia),
(1818-08-01,19.414,1.355,Asia),
(1818-09-01,13.753,1.796,Asia),
(1818-10-01,5.588999999999999,2.131,Asia),
(1818-11-01,-0.659,3.621,Asia),
(1818-12-01,-6.403,2.229,Asia),
(1819-01-01,-8.816,2.486,Asia),
(1819-02-01,-6.436,2.592,Asia),
(1819-03-01,-1.406,4.552,Asia),
(1819-04-01,6.315,1.817,Asia),
(1819-05-01,,,Asia),
(1819-06-01,18.305999999999997,1.523,Asia),
(1819-07-01,19.683,1.23,Asia),
(1819-08-01,18.292,1.443,Asia),
(1819-09-01,14.411,1.443,Asia),
(1819-10-01,8.03,1.675,Asia),
(1819-11-01,-0.691,2.247,Asia),
(1819-12-01,-7.324999999999998,2.114,Asia),
(1820-01-01,,,Asia),
(1820-02-01,-6.606999999999998,2.545,Asia),
(1820-03-01,0.415,2.43,Asia),
(1820-04-01,8.637,1.726,Asia),
(1820-05-01,14.794,1.763,Asia),
(1820-06-01,18.992,1.44,Asia),
(1820-07-01,20.122,2.2880000000000003,Asia),
(1820-08-01,17.747,1.863,Asia),
(1820-09-01,14.255999999999998,1.426,Asia),
(1820-10-01,6.408999999999999,1.051,Asia),
(1820-11-01,-1.211,1.3230000000000002,Asia),
(1820-12-01,-7.422999999999999,1.847,Asia),
(1821-01-01,-6.3740000000000006,2.236,Asia),
(1821-02-01,-3.864,2.635,Asia),
(1821-03-01,1.163,1.367,Asia),
(1821-04-01,7.35,1.518,Asia),
(1821-05-01,14.607000000000001,1.308,Asia),
(1821-06-01,18.102,1.673,Asia),
(1821-07-01,19.862000000000002,1.449,Asia),
(1821-08-01,18.918,1.166,Asia),
(1821-09-01,13.013,1.305,Asia),
(1821-10-01,7.282999999999999,1.087,Asia),
(1821-11-01,0.327,1.986,Asia),
(1821-12-01,-6.002000000000001,1.754,Asia),
(1822-01-01,-6.766,1.983,Asia),
(1822-02-01,-3.24,1.7080000000000002,Asia),
(1822-03-01,3.59,1.411,Asia),
(1822-04-01,7.991999999999999,1.3230000000000002,Asia),
(1822-05-01,13.602,1.226,Asia),
(1822-06-01,18.692,1.185,Asia),
(1822-07-01,20.917,1.129,Asia),
(1822-08-01,18.954,1.706,Asia),
(1822-09-01,13.825,1.469,Asia),
(1822-10-01,6.6629999999999985,1.176,Asia),
(1822-11-01,-1.0830000000000002,1.587,Asia),
(1822-12-01,-7.510999999999999,2.285,Asia),
(1823-01-01,-8.327,1.783,Asia),
(1823-02-01,-5.6610000000000005,1.967,Asia),
(1823-03-01,1.04,1.523,Asia),
(1823-04-01,7.3039999999999985,1.858,Asia),
(1823-05-01,13.98,1.332,Asia),
(1823-06-01,19.933,1.621,Asia),
(1823-07-01,21.035,1.124,Asia),
(1823-08-01,18.883,1.259,Asia),
(1823-09-01,13.255999999999998,1.1740000000000002,Asia),
(1823-10-01,6.185999999999999,1.37,Asia),
(1823-11-01,-1.38,1.991,Asia),
(1823-12-01,-6.464,1.854,Asia),
(1824-01-01,-7.36,2.04,Asia),
(1824-02-01,-5.0,2.201,Asia),
(1824-03-01,1.29,1.804,Asia),
(1824-04-01,7.800999999999998,1.975,Asia),
(1824-05-01,14.273,1.619,Asia),
(1824-06-01,19.041,2.378,Asia),
(1824-07-01,21.572,2.419,Asia),
(1824-08-01,19.33,1.4469999999999998,Asia),
(1824-09-01,14.685,1.423,Asia),
(1824-10-01,7.175999999999998,1.348,Asia),
(1824-11-01,0.7470000000000001,1.821,Asia),
(1824-12-01,-3.294,2.321,Asia),
(1825-01-01,-6.28,2.17,Asia),
(1825-02-01,-5.066,1.759,Asia),
(1825-03-01,0.73,1.804,Asia),
(1825-04-01,8.391,1.917,Asia),
(1825-05-01,13.963,1.101,Asia),
(1825-06-01,19.752,0.997,Asia),
(1825-07-01,20.63,1.658,Asia),
(1825-08-01,19.077,1.525,Asia),
(1825-09-01,13.962,1.481,Asia),
(1825-10-01,6.962000000000001,1.567,Asia),
(1825-11-01,1.386,1.888,Asia),
(1825-12-01,-5.77,1.612,Asia),
(1826-01-01,-7.7139999999999995,2.0380000000000003,Asia),
(1826-02-01,-6.9670000000000005,2.02,Asia),
(1826-03-01,0.7050000000000001,1.71,Asia),
(1826-04-01,8.058,2.327,Asia),
(1826-05-01,15.162,1.3530000000000002,Asia),
(1826-06-01,19.025,1.528,Asia),
(1826-07-01,21.515,1.254,Asia),
(1826-08-01,19.035,1.234,Asia),
(1826-09-01,14.273,1.779,Asia),
(1826-10-01,7.204999999999999,1.805,Asia),
(1826-11-01,1.198,1.59,Asia),
(1826-12-01,-3.7030000000000003,2.286,Asia),
(1827-01-01,-5.779,2.68,Asia),
(1827-02-01,-4.088,1.808,Asia),
(1827-03-01,2.151,1.771,Asia),
(1827-04-01,8.953999999999997,2.5860000000000003,Asia),
(1827-05-01,15.01,1.986,Asia),
(1827-06-01,19.506,1.465,Asia),
(1827-07-01,21.725,1.223,Asia),
(1827-08-01,19.629,1.216,Asia),
(1827-09-01,13.953,1.143,Asia),
(1827-10-01,7.068999999999999,1.27,Asia),
(1827-11-01,1.0870000000000002,1.642,Asia),
(1827-12-01,-6.377000000000001,2.517,Asia),
(1828-01-01,-9.839,2.44,Asia),
(1828-02-01,-6.707000000000001,2.319,Asia),
(1828-03-01,1.275,2.07,Asia),
(1828-04-01,7.955999999999999,1.958,Asia),
(1828-05-01,14.380999999999998,1.816,Asia),
(1828-06-01,19.905,1.6980000000000002,Asia),
(1828-07-01,21.357,1.536,Asia),
(1828-08-01,19.555,1.604,Asia),
(1828-09-01,13.011,1.211,Asia),
(1828-10-01,7.450999999999999,1.4409999999999998,Asia),
(1828-11-01,0.39299999999999996,1.795,Asia),
(1828-12-01,-6.103,2.213,Asia),
(1829-01-01,-7.881,2.107,Asia),
(1829-02-01,-6.117000000000001,2.6710000000000003,Asia),
(1829-03-01,0.4340000000000001,1.794,Asia),
(1829-04-01,6.94,1.482,Asia),
(1829-05-01,14.327,2.105,Asia),
(1829-06-01,18.497,1.77,Asia),
(1829-07-01,21.352,1.327,Asia),
(1829-08-01,19.218,1.4069999999999998,Asia),
(1829-09-01,13.675,1.355,Asia),
(1829-10-01,7.6370000000000005,1.7009999999999998,Asia),
(1829-11-01,-0.35100000000000003,2.101,Asia),
(1829-12-01,-6.43,2.719,Asia),
(1830-01-01,-6.814,2.355,Asia),
(1830-02-01,-3.977,1.916,Asia),
(1830-03-01,-0.17399999999999993,1.709,Asia),
(1830-04-01,7.8660000000000005,1.461,Asia),
(1830-05-01,13.355,1.339,Asia),
(1830-06-01,18.654,1.635,Asia),
(1830-07-01,21.646,1.528,Asia),
(1830-08-01,19.304,1.461,Asia),
(1830-09-01,13.378,1.43,Asia),
(1830-10-01,6.390999999999999,1.774,Asia),
(1830-11-01,1.964,1.929,Asia),
(1830-12-01,-4.141,2.124,Asia),
(1831-01-01,-7.807,2.614,Asia),
(1831-02-01,-5.867999999999999,2.786,Asia),
(1831-03-01,-0.2270000000000001,2.075,Asia),
(1831-04-01,6.8599999999999985,1.3530000000000002,Asia),
(1831-05-01,13.963,1.842,Asia),
(1831-06-01,18.971,1.66,Asia),
(1831-07-01,20.324,1.409,Asia),
(1831-08-01,18.102999999999998,1.317,Asia),
(1831-09-01,12.855,1.324,Asia),
(1831-10-01,6.424999999999999,1.4169999999999998,Asia),
(1831-11-01,-1.596,2.5610000000000004,Asia),
(1831-12-01,-6.284,2.431,Asia),
(1832-01-01,-8.355,2.1590000000000003,Asia),
(1832-02-01,-5.532,2.045,Asia),
(1832-03-01,0.3150000000000001,1.982,Asia),
(1832-04-01,7.625,2.234,Asia),
(1832-05-01,13.737,1.5219999999999998,Asia),
(1832-06-01,18.340999999999998,1.444,Asia),
(1832-07-01,20.55,1.456,Asia),
(1832-08-01,17.840999999999998,1.272,Asia),
(1832-09-01,13.220999999999998,1.51,Asia),
(1832-10-01,7.491999999999999,1.831,Asia),
(1832-11-01,-1.436,1.739,Asia),
(1832-12-01,-8.111,2.885,Asia),
(1833-01-01,-7.772,2.212,Asia),
(1833-02-01,-5.183,1.668,Asia),
(1833-03-01,-0.5559999999999998,1.796,Asia),
(1833-04-01,6.959999999999999,1.483,Asia),
(1833-05-01,13.477,1.141,Asia),
(1833-06-01,18.726000000000006,1.09,Asia),
(1833-07-01,20.553,1.229,Asia),
(1833-08-01,18.799,1.4340000000000002,Asia),
(1833-09-01,14.07,1.155,Asia),
(1833-10-01,6.669,1.321,Asia),
(1833-11-01,1.67,1.651,Asia),
(1833-12-01,-5.816,2.113,Asia),
(1834-01-01,-9.96,1.7719999999999998,Asia),
(1834-02-01,-5.82,2.08,Asia),
(1834-03-01,1.735,1.6969999999999998,Asia),
(1834-04-01,7.3020000000000005,1.915,Asia),
(1834-05-01,14.48,1.122,Asia),
(1834-06-01,18.567,1.5490000000000002,Asia),
(1834-07-01,20.549,1.222,Asia),
(1834-08-01,19.115,1.132,Asia),
(1834-09-01,14.699000000000002,1.557,Asia),
(1834-10-01,7.447999999999999,1.225,Asia),
(1834-11-01,0.993,1.962,Asia),
(1834-12-01,-5.1019999999999985,1.543,Asia),
(1835-01-01,-6.6190000000000015,2.048,Asia),
(1835-02-01,-4.254,1.7,Asia),
(1835-03-01,-0.050999999999999934,1.5730000000000002,Asia),
(1835-04-01,7.407999999999999,1.644,Asia),
(1835-05-01,12.865,1.179,Asia),
(1835-06-01,17.461000000000002,1.388,Asia),
(1835-07-01,19.581,1.365,Asia),
(1835-08-01,17.727,1.06,Asia),
(1835-09-01,12.83,1.204,Asia),
(1835-10-01,6.731999999999998,1.214,Asia),
(1835-11-01,-1.859,1.493,Asia),
(1835-12-01,-8.094999999999999,1.479,Asia),
(1836-01-01,-7.727,1.6780000000000002,Asia),
(1836-02-01,-5.629,1.778,Asia),
(1836-03-01,1.614,1.379,Asia),
(1836-04-01,6.994,1.324,Asia),
(1836-05-01,13.139000000000001,1.449,Asia),
(1836-06-01,18.375999999999998,1.126,Asia),
(1836-07-01,20.323,1.206,Asia),
(1836-08-01,18.354,1.216,Asia),
(1836-09-01,13.93,1.453,Asia),
(1836-10-01,8.096,2.145,Asia),
(1836-11-01,-1.342,1.501,Asia),
(1836-12-01,-5.412000000000001,1.951,Asia),
(1837-01-01,-7.526000000000002,2.4330000000000003,Asia),
(1837-02-01,-5.06,2.057,Asia),
(1837-03-01,-0.7219999999999998,1.796,Asia),
(1837-04-01,5.89,1.5490000000000002,Asia),
(1837-05-01,13.064,1.199,Asia),
(1837-06-01,17.949,1.285,Asia),
(1837-07-01,20.252,1.065,Asia),
(1837-08-01,19.06,1.057,Asia),
(1837-09-01,13.949000000000002,1.068,Asia),
(1837-10-01,6.432,1.51,Asia),
(1837-11-01,-1.291,1.504,Asia),
(1837-12-01,-6.066,1.962,Asia),
(1838-01-01,-11.357000000000001,2.431,Asia),
(1838-02-01,-6.456,1.945,Asia),
(1838-03-01,-1.1900000000000002,1.614,Asia),
(1838-04-01,7.273999999999999,1.237,Asia),
(1838-05-01,13.229000000000001,1.094,Asia),
(1838-06-01,18.37,1.006,Asia),
(1838-07-01,21.349,1.54,Asia),
(1838-08-01,19.7,1.586,Asia),
(1838-09-01,13.989,1.213,Asia),
(1838-10-01,7.737999999999999,1.596,Asia),
(1838-11-01,-0.04099999999999998,1.7080000000000002,Asia),
(1838-12-01,-5.7799999999999985,1.997,Asia),
(1839-01-01,-7.0950000000000015,2.143,Asia),
(1839-02-01,-4.3839999999999995,1.93,Asia),
(1839-03-01,-2.2159999999999997,1.6569999999999998,Asia),
(1839-04-01,6.949,1.4480000000000002,Asia),
(1839-05-01,13.542,1.014,Asia),
(1839-06-01,18.434,1.03,Asia),
(1839-07-01,21.52,1.508,Asia),
(1839-08-01,19.910999999999998,1.494,Asia),
(1839-09-01,14.17,1.113,Asia),
(1839-10-01,6.943999999999999,1.445,Asia),
(1839-11-01,-1.996,1.625,Asia),
(1839-12-01,-9.076,1.672,Asia),
(1840-01-01,-7.0840000000000005,1.935,Asia),
(1840-02-01,-6.105,1.859,Asia),
(1840-03-01,-1.256,1.256,Asia),
(1840-04-01,7.699,1.52,Asia),
(1840-05-01,14.383,1.18,Asia),
(1840-06-01,19.302000000000003,1.116,Asia),
(1840-07-01,21.827,0.987,Asia),
(1840-08-01,19.14,1.1,Asia),
(1840-09-01,13.876,1.026,Asia),
(1840-10-01,6.091999999999999,1.187,Asia),
(1840-11-01,-1.712,1.305,Asia),
(1840-12-01,-6.992000000000001,1.39,Asia),
(1841-01-01,-9.532,1.403,Asia),
(1841-02-01,-5.747999999999998,1.3130000000000002,Asia),
(1841-03-01,-1.757,1.347,Asia),
(1841-04-01,6.395,1.511,Asia),
(1841-05-01,13.848,0.905,Asia),
(1841-06-01,18.886000000000006,0.994,Asia),
(1841-07-01,21.594,0.993,Asia),
(1841-08-01,19.691,1.133,Asia),
(1841-09-01,13.907,0.933,Asia),
(1841-10-01,7.682999999999999,1.05,Asia),
(1841-11-01,-1.123,1.254,Asia),
(1841-12-01,-6.55,1.125,Asia),
(1842-01-01,-8.109,1.4280000000000002,Asia),
(1842-02-01,-4.829,1.311,Asia),
(1842-03-01,1.4909999999999999,1.362,Asia),
(1842-04-01,7.821999999999999,1.134,Asia),
(1842-05-01,13.573,0.945,Asia),
(1842-06-01,18.269,0.981,Asia),
(1842-07-01,20.401,0.805,Asia),
(1842-08-01,19.051,1.055,Asia),
(1842-09-01,14.003,1.028,Asia),
(1842-10-01,7.057999999999999,0.856,Asia),
(1842-11-01,-0.18899999999999997,1.205,Asia),
(1842-12-01,-4.878,1.295,Asia),
(1843-01-01,-6.66,1.295,Asia),
(1843-02-01,-2.801,1.225,Asia),
(1843-03-01,1.203,1.204,Asia),
(1843-04-01,7.4670000000000005,0.918,Asia),
(1843-05-01,13.210999999999999,0.82,Asia),
(1843-06-01,18.512,0.87,Asia),
(1843-07-01,21.017,0.95,Asia),
(1843-08-01,19.221,1.057,Asia),
(1843-09-01,14.434,0.7829999999999999,Asia),
(1843-10-01,7.979999999999999,0.948,Asia),
(1843-11-01,-0.4229999999999999,0.884,Asia),
(1843-12-01,-4.651,1.325,Asia),
(1844-01-01,-6.744,1.198,Asia),
(1844-02-01,-6.013,0.966,Asia),
(1844-03-01,0.9179999999999999,1.135,Asia),
(1844-04-01,6.722,0.999,Asia),
(1844-05-01,13.517999999999999,0.902,Asia),
(1844-06-01,18.746,0.787,Asia),
(1844-07-01,20.803,0.88,Asia),
(1844-08-01,19.28,1.362,Asia),
(1844-09-01,14.008,0.8320000000000001,Asia),
(1844-10-01,7.5459999999999985,0.807,Asia),
(1844-11-01,-1.183,0.91,Asia),
(1844-12-01,-7.678999999999999,0.921,Asia),
(1845-01-01,-7.294,1.21,Asia),
(1845-02-01,-6.749,1.547,Asia),
(1845-03-01,0.348,0.988,Asia),
(1845-04-01,7.604999999999999,1.029,Asia),
(1845-05-01,13.74,0.885,Asia),
(1845-06-01,18.790000000000006,0.941,Asia),
(1845-07-01,21.046,0.899,Asia),
(1845-08-01,19.355,0.971,Asia),
(1845-09-01,14.407,0.918,Asia),
(1845-10-01,6.841999999999999,0.996,Asia),
(1845-11-01,-0.5259999999999999,1.206,Asia),
(1845-12-01,-7.369,1.399,Asia),
(1846-01-01,-6.882999999999999,2.106,Asia),
(1846-02-01,-4.146,1.3730000000000002,Asia),
(1846-03-01,1.975,1.266,Asia),
(1846-04-01,6.77,1.1909999999999998,Asia),
(1846-05-01,13.848,1.193,Asia),
(1846-06-01,19.255000000000006,1.361,Asia),
(1846-07-01,21.777,1.228,Asia),
(1846-08-01,19.752,1.098,Asia),
(1846-09-01,14.602,1.325,Asia),
(1846-10-01,6.962999999999999,0.907,Asia),
(1846-11-01,-0.735,1.178,Asia),
(1846-12-01,-4.901,1.151,Asia),
(1847-01-01,-7.1450000000000005,2.292,Asia),
(1847-02-01,-4.394,1.092,Asia),
(1847-03-01,-0.6480000000000001,1.515,Asia),
(1847-04-01,7.523999999999999,1.09,Asia),
(1847-05-01,13.508,0.915,Asia),
(1847-06-01,18.442,1.114,Asia),
(1847-07-01,21.088,1.017,Asia),
(1847-08-01,19.401,1.054,Asia),
(1847-09-01,14.843,0.989,Asia),
(1847-10-01,7.438999999999999,0.871,Asia),
(1847-11-01,0.626,1.033,Asia),
(1847-12-01,-7.662999999999999,1.158,Asia),
(1848-01-01,-10.071000000000002,1.259,Asia),
(1848-02-01,-3.912,1.405,Asia),
(1848-03-01,0.53,1.045,Asia),
(1848-04-01,7.5760000000000005,1.104,Asia),
(1848-05-01,13.465,1.134,Asia),
(1848-06-01,18.798,1.422,Asia),
(1848-07-01,21.26,1.128,Asia),
(1848-08-01,19.219,1.168,Asia),
(1848-09-01,14.293,0.916,Asia),
(1848-10-01,7.516999999999999,0.8029999999999999,Asia),
(1848-11-01,-0.191,0.924,Asia),
(1848-12-01,-6.339,1.227,Asia),
(1849-01-01,-7.04,1.234,Asia),
(1849-02-01,-4.33,1.232,Asia),
(1849-03-01,1.679,1.1909999999999998,Asia),
(1849-04-01,6.839,1.382,Asia),
(1849-05-01,13.107000000000001,0.804,Asia),
(1849-06-01,18.717,1.197,Asia),
(1849-07-01,21.053,0.8740000000000001,Asia),
(1849-08-01,19.555999999999997,0.91,Asia),
(1849-09-01,13.904000000000002,0.871,Asia),
(1849-10-01,7.9769999999999985,0.91,Asia),
(1849-11-01,0.162,1.264,Asia),
(1849-12-01,-7.303999999999999,1.028,Asia),
(1850-01-01,-9.806,1.251,Asia),
(1850-02-01,-4.6160000000000005,1.235,Asia),
(1850-03-01,1.219,1.091,Asia),
(1850-04-01,6.8039999999999985,0.973,Asia),
(1850-05-01,13.011,0.872,Asia),
(1850-06-01,18.441000000000006,0.89,Asia),
(1850-07-01,21.122,0.83,Asia),
(1850-08-01,19.666,0.866,Asia),
(1850-09-01,14.344,0.777,Asia),
(1850-10-01,6.344999999999999,0.757,Asia),
(1850-11-01,-1.5,0.927,Asia),
(1850-12-01,-5.989,1.114,Asia),
(1851-01-01,-7.631,0.992,Asia),
(1851-02-01,-5.327000000000001,0.945,Asia),
(1851-03-01,-0.916,1.029,Asia),
(1851-04-01,6.031000000000001,0.8079999999999999,Asia),
(1851-05-01,14.565,0.955,Asia),
(1851-06-01,19.290000000000006,1.013,Asia),
(1851-07-01,21.423000000000002,0.966,Asia),
(1851-08-01,19.843,1.021,Asia),
(1851-09-01,14.847000000000001,0.853,Asia),
(1851-10-01,7.697999999999999,0.974,Asia),
(1851-11-01,-0.908,0.861,Asia),
(1851-12-01,-5.3279999999999985,1.157,Asia),
(1852-01-01,-7.452999999999999,1.182,Asia),
(1852-02-01,-6.193,1.092,Asia),
(1852-03-01,-0.75,1.131,Asia),
(1852-04-01,6.9289999999999985,1.287,Asia),
(1852-05-01,14.470999999999998,0.8,Asia),
(1852-06-01,18.779,0.868,Asia),
(1852-07-01,21.049,0.916,Asia),
(1852-08-01,18.899,0.979,Asia),
(1852-09-01,14.530999999999999,0.8190000000000001,Asia),
(1852-10-01,7.640999999999999,0.929,Asia),
(1852-11-01,-1.5730000000000002,0.945,Asia),
(1852-12-01,-4.825,1.3219999999999998,Asia),
(1853-01-01,-8.575,0.988,Asia),
(1853-02-01,-6.603,0.997,Asia),
(1853-03-01,-0.16700000000000004,0.967,Asia),
(1853-04-01,6.555999999999999,0.979,Asia),
(1853-05-01,14.155,0.778,Asia),
(1853-06-01,19.014000000000006,0.779,Asia),
(1853-07-01,21.606,0.764,Asia),
(1853-08-01,20.037,0.773,Asia),
(1853-09-01,14.683,0.773,Asia),
(1853-10-01,7.491999999999999,0.823,Asia),
(1853-11-01,-1.091,0.922,Asia),
(1853-12-01,-5.948,0.8809999999999999,Asia),
(1854-01-01,-8.64,1.175,Asia),
(1854-02-01,-6.112,1.195,Asia),
(1854-03-01,0.6300000000000001,0.954,Asia),
(1854-04-01,7.332999999999998,0.8690000000000001,Asia),
(1854-05-01,14.537,0.865,Asia),
(1854-06-01,18.326,0.804,Asia),
(1854-07-01,21.438000000000002,0.872,Asia),
(1854-08-01,19.886,0.853,Asia),
(1854-09-01,14.704,0.831,Asia),
(1854-10-01,9.152000000000001,1.013,Asia),
(1854-11-01,0.29700000000000004,1.027,Asia),
(1854-12-01,-5.0379999999999985,1.223,Asia),
(1855-01-01,-6.801,1.278,Asia),
(1855-02-01,-4.001,1.279,Asia),
(1855-03-01,0.76,1.12,Asia),
(1855-04-01,9.186,1.041,Asia),
(1855-05-01,14.901,0.882,Asia),
(1855-06-01,19.129,0.972,Asia),
(1855-07-01,20.597,0.931,Asia),
(1855-08-01,19.718,0.8690000000000001,Asia),
(1855-09-01,14.215,0.825,Asia),
(1855-10-01,7.417999999999998,1.02,Asia),
(1855-11-01,-0.728,1.048,Asia),
(1855-12-01,-7.056,1.8,Asia),
(1856-01-01,-6.917000000000001,1.308,Asia),
(1856-02-01,-6.484,1.114,Asia),
(1856-03-01,-0.17599999999999993,1.039,Asia),
(1856-04-01,7.13,1.034,Asia),
(1856-05-01,13.691,1.217,Asia),
(1856-06-01,19.135,1.3230000000000002,Asia),
(1856-07-01,21.177,0.889,Asia),
(1856-08-01,19.095,1.092,Asia),
(1856-09-01,13.98,0.99,Asia),
(1856-10-01,6.704999999999999,0.9,Asia),
(1856-11-01,-0.365,1.036,Asia),
(1856-12-01,-5.033,1.225,Asia),
(1857-01-01,-7.625,1.5019999999999998,Asia),
(1857-02-01,-6.189,1.5730000000000002,Asia),
(1857-03-01,0.0,1.151,Asia),
(1857-04-01,6.502000000000001,1.037,Asia),
(1857-05-01,12.939,0.946,Asia),
(1857-06-01,18.075000000000006,0.868,Asia),
(1857-07-01,20.639,0.893,Asia),
(1857-08-01,19.184,1.082,Asia),
(1857-09-01,14.056,0.944,Asia),
(1857-10-01,6.749999999999999,1.036,Asia),
(1857-11-01,-0.946,1.1840000000000002,Asia),
(1857-12-01,-5.747000000000001,1.321,Asia),
(1858-01-01,-7.065,1.922,Asia),
(1858-02-01,-5.3260000000000005,1.136,Asia),
(1858-03-01,0.2940000000000001,1.202,Asia),
(1858-04-01,8.529,1.205,Asia),
(1858-05-01,14.584000000000001,0.976,Asia),
(1858-06-01,18.781,0.991,Asia),
(1858-07-01,20.901,1.071,Asia),
(1858-08-01,19.083,0.904,Asia),
(1858-09-01,14.129,0.905,Asia),
(1858-10-01,7.824999999999998,1.015,Asia),
(1858-11-01,0.825,1.003,Asia),
(1858-12-01,-6.767,1.144,Asia),
(1859-01-01,-7.501,1.274,Asia),
(1859-02-01,-4.9510000000000005,1.356,Asia),
(1859-03-01,1.054,1.032,Asia),
(1859-04-01,9.056000000000001,1.029,Asia),
(1859-05-01,14.65,0.879,Asia),
(1859-06-01,19.154,0.865,Asia),
(1859-07-01,20.675,0.8240000000000001,Asia),
(1859-08-01,19.175,0.779,Asia),
(1859-09-01,14.328,0.8140000000000001,Asia),
(1859-10-01,7.8519999999999985,0.933,Asia),
(1859-11-01,0.624,1.454,Asia),
(1859-12-01,-5.246,1.128,Asia),
(1860-01-01,-8.894,1.379,Asia),
(1860-02-01,-5.738,1.3159999999999998,Asia),
(1860-03-01,-2.337,1.501,Asia),
(1860-04-01,7.481999999999998,1.102,Asia),
(1860-05-01,14.192,0.88,Asia),
(1860-06-01,18.942,0.907,Asia),
(1860-07-01,21.121,0.867,Asia),
(1860-08-01,19.914,0.977,Asia),
(1860-09-01,15.398,0.878,Asia),
(1860-10-01,7.706999999999999,0.907,Asia),
(1860-11-01,-1.301,1.003,Asia),
(1860-12-01,-8.884,1.092,Asia),
(1861-01-01,-10.292,1.126,Asia),
(1861-02-01,-6.674,1.167,Asia),
(1861-03-01,0.4810000000000001,1.02,Asia),
(1861-04-01,7.188,0.954,Asia),
(1861-05-01,14.065,0.916,Asia),
(1861-06-01,18.507,1.0490000000000002,Asia),
(1861-07-01,21.026,1.052,Asia),
(1861-08-01,19.839,0.7959999999999999,Asia),
(1861-09-01,14.538,0.8170000000000001,Asia),
(1861-10-01,6.9689999999999985,0.816,Asia),
(1861-11-01,0.009000000000000008,1.178,Asia),
(1861-12-01,-6.81,1.391,Asia),
(1862-01-01,-10.037,1.612,Asia),
(1862-02-01,-6.56,1.264,Asia),
(1862-03-01,-0.052999999999999936,1.213,Asia),
(1862-04-01,7.135999999999999,1.467,Asia),
(1862-05-01,13.69,1.254,Asia),
(1862-06-01,18.574,1.147,Asia),
(1862-07-01,20.788,0.943,Asia),
(1862-08-01,19.037,0.963,Asia),
(1862-09-01,14.037,1.078,Asia),
(1862-10-01,6.747999999999998,1.153,Asia),
(1862-11-01,-1.44,1.277,Asia),
(1862-12-01,-8.719999999999999,1.445,Asia),
(1863-01-01,-6.462999999999999,1.394,Asia),
(1863-02-01,-4.13,1.345,Asia),
(1863-03-01,0.8430000000000001,1.074,Asia),
(1863-04-01,8.081999999999999,1.113,Asia),
(1863-05-01,14.712,0.927,Asia),
(1863-06-01,18.757,1.176,Asia),
(1863-07-01,20.941,0.965,Asia),
(1863-08-01,19.381,0.8809999999999999,Asia),
(1863-09-01,14.219,0.898,Asia),
(1863-10-01,7.012999999999999,1.017,Asia),
(1863-11-01,-0.365,1.045,Asia),
(1863-12-01,-5.93,1.205,Asia),
(1864-01-01,-8.367,1.327,Asia),
(1864-02-01,-5.96,1.164,Asia),
(1864-03-01,0.348,1.101,Asia),
(1864-04-01,7.619999999999999,1.033,Asia),
(1864-05-01,14.13,0.812,Asia),
(1864-06-01,19.227,0.7929999999999999,Asia),
(1864-07-01,21.12,0.81,Asia),
(1864-08-01,19.387,0.767,Asia),
(1864-09-01,14.197,0.89,Asia),
(1864-10-01,7.550999999999998,0.8959999999999999,Asia),
(1864-11-01,-0.946,0.993,Asia),
(1864-12-01,-7.462000000000001,1.105,Asia),
(1865-01-01,-6.234,1.192,Asia),
(1865-02-01,-6.347,1.089,Asia),
(1865-03-01,-0.6359999999999999,1.028,Asia),
(1865-04-01,6.925999999999998,0.956,Asia),
(1865-05-01,13.835,0.97,Asia),
(1865-06-01,19.083,0.823,Asia),
(1865-07-01,21.173000000000002,0.8340000000000001,Asia),
(1865-08-01,19.498,0.802,Asia),
(1865-09-01,14.784,0.8240000000000001,Asia),
(1865-10-01,7.837000000000001,0.861,Asia),
(1865-11-01,0.237,0.973,Asia),
(1865-12-01,-6.1549999999999985,1.021,Asia),
(1866-01-01,-6.195,1.133,Asia),
(1866-02-01,-5.931,0.98,Asia),
(1866-03-01,0.13700000000000012,0.884,Asia),
(1866-04-01,7.305999999999999,0.882,Asia),
(1866-05-01,14.208,0.77,Asia),
(1866-06-01,18.532,0.767,Asia),
(1866-07-01,21.45,0.754,Asia),
(1866-08-01,19.66,0.758,Asia),
(1866-09-01,14.722999999999999,0.745,Asia),
(1866-10-01,7.114999999999998,0.785,Asia),
(1866-11-01,0.402,0.866,Asia),
(1866-12-01,-4.308,0.977,Asia),
(1867-01-01,-7.411,1.134,Asia),
(1867-02-01,-5.518,1.064,Asia),
(1867-03-01,0.6709999999999999,0.984,Asia),
(1867-04-01,8.105,0.8959999999999999,Asia),
(1867-05-01,13.595,0.772,Asia),
(1867-06-01,18.85,0.721,Asia),
(1867-07-01,21.152,0.831,Asia),
(1867-08-01,19.299,0.905,Asia),
(1867-09-01,14.815999999999999,0.75,Asia),
(1867-10-01,8.058,0.7959999999999999,Asia),
(1867-11-01,1.809,0.921,Asia),
(1867-12-01,-4.672,1.016,Asia),
(1868-01-01,-7.8130000000000015,1.149,Asia),
(1868-02-01,-6.074,1.12,Asia),
(1868-03-01,-0.07200000000000006,0.919,Asia),
(1868-04-01,8.321,0.967,Asia),
(1868-05-01,14.389000000000001,0.861,Asia),
(1868-06-01,18.799000000000003,0.769,Asia),
(1868-07-01,21.327,0.742,Asia),
(1868-08-01,19.605999999999998,0.79,Asia),
(1868-09-01,14.763,0.83,Asia),
(1868-10-01,8.505999999999998,0.852,Asia),
(1868-11-01,-0.6040000000000001,0.901,Asia),
(1868-12-01,-6.018,0.951,Asia),
(1869-01-01,-8.086,1.127,Asia),
(1869-02-01,-3.568,1.018,Asia),
(1869-03-01,0.126,1.044,Asia),
(1869-04-01,7.55,0.892,Asia),
(1869-05-01,14.356,0.913,Asia),
(1869-06-01,19.267000000000003,0.775,Asia),
(1869-07-01,21.224,0.7609999999999999,Asia),
(1869-08-01,20.029,0.8140000000000001,Asia),
(1869-09-01,15.425999999999998,0.792,Asia),
(1869-10-01,8.040999999999999,0.872,Asia),
(1869-11-01,0.44799999999999995,0.873,Asia),
(1869-12-01,-7.103,1.014,Asia),
(1870-01-01,-8.353,0.884,Asia),
(1870-02-01,-6.749,0.855,Asia),
(1870-03-01,0.8680000000000001,0.785,Asia),
(1870-04-01,7.439,0.779,Asia),
(1870-05-01,14.558,0.743,Asia),
(1870-06-01,19.365,0.6920000000000001,Asia),
(1870-07-01,21.355,0.677,Asia),
(1870-08-01,19.31,0.6890000000000001,Asia),
(1870-09-01,15.139,0.7559999999999999,Asia),
(1870-10-01,7.220999999999999,0.794,Asia),
(1870-11-01,-0.986,0.923,Asia),
(1870-12-01,-7.938,0.922,Asia),
(1871-01-01,-8.894,0.938,Asia),
(1871-02-01,-7.1240000000000006,0.862,Asia),
(1871-03-01,0.6240000000000001,0.863,Asia),
(1871-04-01,8.318999999999999,0.7859999999999999,Asia),
(1871-05-01,13.642000000000001,0.8009999999999999,Asia),
(1871-06-01,18.676,0.7040000000000001,Asia),
(1871-07-01,21.213,0.6579999999999999,Asia),
(1871-08-01,19.883,0.6759999999999999,Asia),
(1871-09-01,14.792,0.6890000000000001,Asia),
(1871-10-01,7.765,0.7020000000000001,Asia),
(1871-11-01,-0.723,0.7390000000000001,Asia),
(1871-12-01,-5.956,0.8079999999999999,Asia),
(1872-01-01,-9.375,0.962,Asia),
(1872-02-01,-6.849,1.003,Asia),
(1872-03-01,0.6140000000000001,0.7959999999999999,Asia),
(1872-04-01,7.417000000000001,0.762,Asia),
(1872-05-01,14.627,0.665,Asia),
(1872-06-01,18.53,0.6409999999999999,Asia),
(1872-07-01,21.222,0.6759999999999999,Asia),
(1872-08-01,19.942999999999998,0.654,Asia),
(1872-09-01,15.005,0.644,Asia),
(1872-10-01,7.922999999999999,0.67,Asia),
(1872-11-01,-0.35100000000000003,0.733,Asia),
(1872-12-01,-6.63,0.823,Asia),
(1873-01-01,-8.206,0.94,Asia),
(1873-02-01,-4.496,1.071,Asia),
(1873-03-01,0.411,0.7929999999999999,Asia),
(1873-04-01,7.050999999999998,0.75,Asia),
(1873-05-01,14.273,0.799,Asia),
(1873-06-01,18.985000000000007,0.6940000000000001,Asia),
(1873-07-01,21.166,0.672,Asia),
(1873-08-01,19.656,0.657,Asia),
(1873-09-01,14.47,0.755,Asia),
(1873-10-01,8.520999999999999,0.706,Asia),
(1873-11-01,0.457,0.741,Asia),
(1873-12-01,-5.025,0.897,Asia),
(1874-01-01,-6.7170000000000005,1.113,Asia),
(1874-02-01,-4.552,0.929,Asia),
(1874-03-01,0.017000000000000126,0.905,Asia),
(1874-04-01,8.626,0.7609999999999999,Asia),
(1874-05-01,14.995999999999999,0.831,Asia),
(1874-06-01,19.268,0.69,Asia),
(1874-07-01,20.856,0.733,Asia),
(1874-08-01,19.988,0.691,Asia),
(1874-09-01,15.445,0.7120000000000001,Asia),
(1874-10-01,7.7860000000000005,0.755,Asia),
(1874-11-01,0.679,0.8009999999999999,Asia),
(2013-09-01,,,Asia),
(2013-08-01,20.689,0.198,Asia),
(2013-07-01,21.962,0.228,Asia),
(2013-06-01,20.364,0.213,Asia),
(2013-05-01,16.102,0.146,Asia),
(2013-04-01,9.688,0.194,Asia),
(2013-03-01,1.969,0.174,Asia),
(2013-02-01,-3.745,0.126,Asia),
(2013-01-01,-6.65,0.138,Asia),
(2012-12-01,-6.007000000000001,0.16,Asia),
(2012-11-01,1.459,0.14400000000000002,Asia),
(2012-10-01,9.425,0.183,Asia),
(2012-09-01,16.36,0.204,Asia),
(2012-08-01,20.590999999999998,0.252,Asia),
(2012-07-01,22.444000000000003,0.249,Asia),
(2012-06-01,20.934,0.261,Asia),
(2012-05-01,16.468,0.189,Asia),
(2012-04-01,10.521999999999998,0.225,Asia),
(2012-03-01,1.339,0.126,Asia),
(2012-02-01,-5.225,0.112,Asia),
(2012-01-01,-7.1579999999999995,0.204,Asia),
(2011-12-01,-4.428999999999999,0.253,Asia),
(2011-11-01,0.951,0.181,Asia),
(2011-10-01,9.936,0.174,Asia),
(2011-09-01,15.932,0.11,Asia),
(2011-08-01,20.586,0.113,Asia),
(2011-07-01,22.214000000000002,0.19,Asia),
(2011-06-01,20.618,0.237,Asia),
(2011-05-01,15.909,0.146,Asia),
(2011-04-01,10.316,0.119,Asia),
(2011-03-01,2.5340000000000003,0.124,Asia),
(2011-02-01,-4.416,0.142,Asia),
(2011-01-01,-7.263,0.174,Asia),
(2010-12-01,-5.198,0.179,Asia),
(2010-11-01,2.6830000000000003,0.14300000000000002,Asia),
(2010-10-01,9.553,0.081,Asia),
(2010-09-01,16.047,0.086,Asia),
(2010-08-01,20.926,0.19,Asia),
(2010-07-01,22.635,0.179,Asia),
(2010-06-01,20.728,0.154,Asia),
(2010-05-01,16.211,0.109,Asia),
(2010-04-01,9.031,0.085,Asia),
(2010-03-01,2.127,0.198,Asia),
(2010-02-01,-5.013999999999999,0.096,Asia),
(2010-01-01,-6.822,0.202,Asia),
(2009-12-01,-5.494,0.125,Asia),
(2009-11-01,0.429,0.191,Asia),
(2009-10-01,9.686,0.11,Asia),
(2009-09-01,16.421,0.104,Asia),
(2009-08-01,20.347,0.197,Asia),
(2009-07-01,21.773000000000003,0.252,Asia),
(2009-06-01,20.094,0.13699999999999998,Asia),
(2009-05-01,15.523,0.13699999999999998,Asia),
(2009-04-01,9.69,0.175,Asia),
(2009-03-01,2.532,0.099,Asia),
(2009-02-01,-3.873,0.145,Asia),
(2009-01-01,-5.82,0.163,Asia),
(2008-12-01,-4.033,0.101,Asia),
(2008-11-01,2.131,0.121,Asia),
(2008-10-01,10.089,0.116,Asia),
(2008-09-01,15.856,0.166,Asia),
(2008-08-01,20.548,0.192,Asia),
(2008-07-01,22.037,0.108,Asia),
(2008-06-01,20.143,0.172,Asia),
(2008-05-01,15.71,0.122,Asia),
(2008-04-01,9.564,0.117,Asia),
(2008-03-01,4.8919999999999995,0.156,Asia),
(2008-02-01,-4.0680000000000005,0.152,Asia),
(2008-01-01,-7.689,0.173,Asia),
(2007-12-01,-3.641,0.145,Asia),
(2007-11-01,1.84,0.105,Asia),
(2007-10-01,9.499,0.124,Asia),
(2007-09-01,16.448,0.213,Asia),
(2007-08-01,21.023000000000003,0.092,Asia),
(2007-07-01,22.066,0.136,Asia),
(2007-06-01,20.127,0.159,Asia),
(2007-05-01,16.121,0.1,Asia),
(2007-04-01,10.511,0.172,Asia),
(2007-03-01,2.628,0.13699999999999998,Asia),
(2007-02-01,-3.4719999999999995,0.154,Asia),
(2007-01-01,-3.9419999999999997,0.104,Asia),
(2006-12-01,-3.692,0.134,Asia),
(2006-11-01,1.735,0.093,Asia),
(2006-10-01,9.393999999999998,0.135,Asia),
(2006-09-01,16.19,0.123,Asia),
(2006-08-01,20.61,0.196,Asia),
(2006-07-01,21.715,0.237,Asia),
(2006-06-01,20.579,0.213,Asia),
(2006-05-01,15.472000000000001,0.258,Asia),
(2006-04-01,8.152000000000001,0.237,Asia),
(2006-03-01,2.426,0.207,Asia),
(2006-02-01,-3.46,0.18,Asia),
(2006-01-01,-8.238,0.2,Asia),
(2005-12-01,-4.538,0.08,Asia),
(2005-11-01,2.43,0.11,Asia),
(2005-10-01,9.763,0.18,Asia),
(2005-09-01,16.727,0.073,Asia),
(2005-08-01,20.359,0.14,Asia),
(2005-07-01,22.2,0.153,Asia),
(2005-06-01,20.458,0.172,Asia),
(2005-05-01,15.726,0.15,Asia),
(2005-04-01,9.597000000000001,0.154,Asia),
(2005-03-01,2.332,0.16899999999999998,Asia),
(2005-02-01,-5.361000000000001,0.128,Asia),
(2005-01-01,-5.6930000000000005,0.141,Asia),
(2004-12-01,-5.351,0.075,Asia),
(2004-11-01,2.4610000000000003,0.168,Asia),
(2004-10-01,8.649999999999999,0.266,Asia),
(2004-09-01,16.011,0.109,Asia),
(2004-08-01,20.043,0.215,Asia),
(2004-07-01,21.574,0.163,Asia),
(2004-06-01,19.852999999999998,0.259,Asia),
(2004-05-01,15.421,0.134,Asia),
(2004-04-01,8.984,0.131,Asia),
(2004-03-01,2.7230000000000003,0.16399999999999998,Asia),
(2004-02-01,-2.97,0.133,Asia),
(2004-01-01,-5.5329999999999995,0.118,Asia),
(2003-12-01,-3.3560000000000003,0.12,Asia),
(2003-11-01,0.5820000000000001,0.114,Asia),
(2003-10-01,9.562000000000001,0.306,Asia),
(2003-09-01,16.257,0.243,Asia),
(2003-08-01,20.688000000000002,0.225,Asia),
(2003-07-01,21.631,0.268,Asia),
(2003-06-01,19.713,0.307,Asia),
(2003-05-01,15.441,0.193,Asia),
(2003-04-01,9.073,0.194,Asia),
(2003-03-01,2.153,0.14800000000000002,Asia),
(2003-02-01,-3.512,0.14800000000000002,Asia),
(2003-01-01,-5.824,0.141,Asia),
(2002-12-01,-6.752999999999999,0.17,Asia),
(2002-11-01,1.122,0.13,Asia),
(2002-10-01,8.857999999999997,0.219,Asia),
(2002-09-01,15.72,0.141,Asia),
(2002-08-01,20.387,0.114,Asia),
(2002-07-01,22.201,0.18,Asia),
(2002-06-01,20.17,0.127,Asia),
(2002-05-01,15.389000000000001,0.104,Asia),
(2002-04-01,9.015,0.114,Asia),
(2002-03-01,4.34,0.133,Asia),
(2002-02-01,-1.69,0.112,Asia),
(2002-01-01,-5.0150000000000015,0.123,Asia),
(2001-12-01,-4.968,0.075,Asia),
(2001-11-01,2.3840000000000003,0.16699999999999998,Asia),
(2001-10-01,8.895999999999997,0.155,Asia),
(2001-09-01,15.727,0.238,Asia),
(2001-08-01,20.601,0.128,Asia),
(2001-07-01,22.195,0.116,Asia),
(2001-06-01,20.227,0.158,Asia),
(2001-05-01,16.186,0.139,Asia),
(2001-04-01,9.346,0.105,Asia),
(2001-03-01,2.5090000000000003,0.129,Asia),
(2001-02-01,-4.357,0.106,Asia),
(2001-01-01,-7.335,0.14300000000000002,Asia),
(2000-12-01,-5.265,0.166,Asia),
(2000-11-01,-0.5109999999999999,0.08900000000000001,Asia),
(2000-10-01,8.075,0.157,Asia),
(2000-09-01,15.713,0.122,Asia),
(2000-08-01,20.576999999999998,0.205,Asia),
(2000-07-01,22.048000000000002,0.18,Asia),
(2000-06-01,20.198,0.215,Asia),
(2000-05-01,15.735999999999999,0.104,Asia),
(2000-04-01,10.507,0.117,Asia),
(2000-03-01,2.3,0.118,Asia),
(2000-02-01,-3.44,0.086,Asia),
(2000-01-01,-6.907,0.135,Asia),
(1999-12-01,-3.39,0.162,Asia),
(1999-11-01,0.611,0.128,Asia),
(1999-10-01,9.343,0.177,Asia),
(1999-09-01,15.744000000000002,0.162,Asia),
(1999-08-01,20.195,0.091,Asia),
(1999-07-01,22.041,0.151,Asia),
(1999-06-01,19.686,0.136,Asia),
(1999-05-01,15.24,0.079,Asia),
(1999-04-01,9.158,0.193,Asia),
(1999-03-01,0.030000000000000027,0.084,Asia),
(1999-02-01,-2.044,0.102,Asia),
(1999-01-01,-6.0600000000000005,0.08199999999999999,Asia),
(1998-12-01,-3.789,0.094,Asia),
(1998-11-01,-0.22,0.087,Asia),
(1998-10-01,8.795,0.093,Asia),
(1998-09-01,15.719000000000001,0.141,Asia),
(1998-08-01,20.878,0.105,Asia),
(1998-07-01,22.36,0.113,Asia),
(1998-06-01,20.347,0.13699999999999998,Asia),
(1998-05-01,15.045,0.13699999999999998,Asia),
(1998-04-01,9.032,0.12,Asia),
(1998-03-01,1.962,0.124,Asia),
(1998-02-01,-3.633,0.149,Asia),
(1998-01-01,-6.965,0.128,Asia),
(1997-12-01,-5.622999999999998,0.146,Asia),
(1997-11-01,0.327,0.101,Asia),
(1997-10-01,9.721,0.16899999999999998,Asia),
(1997-09-01,15.411,0.195,Asia),
(1997-08-01,20.221,0.189,Asia),
(1997-07-01,21.443,0.182,Asia),
(1997-06-01,19.813,0.17800000000000002,Asia),
(1997-05-01,15.444,0.124,Asia),
(1997-04-01,10.134,0.139,Asia),
(1997-03-01,2.8600000000000003,0.265,Asia),
(1997-02-01,-3.957,0.135,Asia),
(1997-01-01,-6.416,0.118,Asia),
(1996-12-01,-4.583,0.12,Asia),
(1996-11-01,1.231,0.102,Asia),
(1996-10-01,8.44,0.129,Asia),
(1996-09-01,15.071,0.139,Asia),
(1996-08-01,19.567,0.135,Asia),
(1996-07-01,21.826,0.163,Asia),
(1996-06-01,19.384,0.174,Asia),
(1996-05-01,15.298,0.084,Asia),
(1996-04-01,7.879,0.153,Asia),
(1996-03-01,1.483,0.117,Asia),
(1996-02-01,-3.9610000000000003,0.129,Asia),
(1996-01-01,-6.98,0.142,Asia),
(1995-12-01,-4.68,0.091,Asia),
(1995-11-01,2.028,0.146,Asia),
(1995-10-01,9.411,0.118,Asia),
(1995-09-01,15.794,0.152,Asia),
(1995-08-01,20.519,0.106,Asia),
(1995-07-01,21.512,0.146,Asia),
(1995-06-01,20.002,0.13,Asia),
(1995-05-01,15.195,0.129,Asia),
(1995-04-01,9.444,0.17,Asia),
(1995-03-01,2.378,0.13699999999999998,Asia),
(1995-02-01,-1.6580000000000001,0.17800000000000002,Asia),
(1995-01-01,-5.4750000000000005,0.156,Asia),
(1994-12-01,-5.403,0.142,Asia),
(1994-11-01,1.356,0.195,Asia),
(1994-10-01,9.271,0.096,Asia),
(1994-09-01,15.565,0.16399999999999998,Asia),
(1994-08-01,19.987,0.11,Asia),
(1994-07-01,21.384,0.165,Asia),
(1994-06-01,19.975,0.16699999999999998,Asia),
(1994-05-01,15.199000000000002,0.142,Asia),
(1994-04-01,8.959,0.127,Asia),
(1994-03-01,1.5919999999999999,0.123,Asia),
(1994-02-01,-5.066,0.152,Asia),
(1994-01-01,-6.324,0.254,Asia),
(1993-12-01,-5.3039999999999985,0.16899999999999998,Asia),
(1993-11-01,-0.8959999999999999,0.165,Asia),
(1993-10-01,8.241,0.126,Asia),
(1993-09-01,15.027999999999999,0.175,Asia),
(1993-08-01,19.617,0.15,Asia),
(1993-07-01,21.403000000000002,0.14300000000000002,Asia),
(1993-06-01,19.459000000000003,0.122,Asia),
(1993-05-01,14.5,0.264,Asia),
(1993-04-01,8.187000000000001,0.146,Asia),
(1993-03-01,2.2,0.149,Asia),
(1993-02-01,-2.712,0.117,Asia),
(1993-01-01,-5.8450000000000015,0.139,Asia),
(1992-12-01,-4.2349999999999985,0.331,Asia),
(1992-11-01,-0.18,0.248,Asia),
(1992-10-01,7.792999999999998,0.085,Asia),
(1992-09-01,14.753,0.256,Asia),
(1992-08-01,19.416,0.156,Asia),
(1992-07-01,20.899,0.163,Asia),
(1992-06-01,18.863000000000003,0.207,Asia),
(1992-05-01,14.847000000000001,0.07,Asia),
(1992-04-01,8.216000000000001,0.247,Asia),
(1992-03-01,1.283,0.16899999999999998,Asia),
(1992-02-01,-3.681,0.214,Asia),
(1992-01-01,-5.9110000000000005,0.196,Asia),
(1991-12-01,-5.165,0.103,Asia),
(1991-11-01,1.5119999999999998,0.135,Asia),
(1991-10-01,9.165,0.124,Asia),
(1991-09-01,15.729,0.136,Asia),
(1991-08-01,20.011,0.16399999999999998,Asia),
(1991-07-01,21.876,0.196,Asia),
(1991-06-01,19.982000000000006,0.081,Asia),
(1991-05-01,15.089,0.13,Asia),
(1991-04-01,9.346,0.081,Asia),
(1991-03-01,0.71,0.161,Asia),
(1991-02-01,-4.552,0.102,Asia),
(1991-01-01,-5.864000000000001,0.113,Asia),
(1990-12-01,-4.013,0.168,Asia),
(1990-11-01,1.324,0.27,Asia),
(1990-10-01,9.07,0.22,Asia),
(1990-09-01,15.446,0.21,Asia),
(1990-08-01,20.085,0.188,Asia),
(1990-07-01,21.486,0.157,Asia),
(1990-06-01,19.879,0.242,Asia),
(1990-05-01,15.442,0.138,Asia),
(1990-04-01,9.259,0.1,Asia),
(1990-03-01,3.999,0.203,Asia),
(1990-02-01,-3.4010000000000002,0.083,Asia),
(1990-01-01,-7.4380000000000015,0.15,Asia),
(1989-12-01,-3.721,0.071,Asia),
(1989-11-01,0.69,0.113,Asia),
(1989-10-01,8.927999999999997,0.205,Asia),
(1989-09-01,15.342,0.199,Asia),
(1989-08-01,19.877,0.295,Asia),
(1989-07-01,21.514,0.17600000000000002,Asia),
(1989-06-01,19.407,0.19,Asia),
(1989-05-01,15.126,0.174,Asia),
(1989-04-01,8.277000000000001,0.2,Asia),
(1989-03-01,3.037,0.213,Asia),
(1989-02-01,-3.181,0.084,Asia),
(1989-01-01,-6.7,0.19,Asia),
(1988-12-01,-3.115,0.135,Asia),
(1988-11-01,1.182,0.108,Asia),
(1988-10-01,9.053,0.149,Asia),
(1988-09-01,16.078,0.14300000000000002,Asia),
(1988-08-01,20.043,0.159,Asia),
(1988-07-01,21.901,0.121,Asia),
(1988-06-01,19.945,0.197,Asia),
(1988-05-01,14.882,0.165,Asia),
(1988-04-01,8.658999999999999,0.147,Asia),
(1988-03-01,1.2329999999999999,0.104,Asia),
(1988-02-01,-5.039,0.158,Asia),
(1988-01-01,-6.013,0.161,Asia),
(1987-12-01,-5.055,0.115,Asia),
(1987-11-01,-1.004,0.13699999999999998,Asia),
(1987-10-01,7.981999999999998,0.125,Asia),
(1987-09-01,15.4,0.17800000000000002,Asia),
(1987-08-01,20.118,0.194,Asia),
(1987-07-01,21.403000000000002,0.133,Asia),
(1987-06-01,19.055000000000003,0.13699999999999998,Asia),
(1987-05-01,14.800999999999998,0.12,Asia),
(1987-04-01,7.67,0.101,Asia),
(1987-03-01,0.6220000000000001,0.108,Asia),
(1987-02-01,-3.5989999999999998,0.126,Asia),
(1987-01-01,-7.28,0.195,Asia),
(1986-12-01,-5.707000000000001,0.113,Asia),
(1986-11-01,0.862,0.133,Asia),
(1986-10-01,8.524999999999999,0.125,Asia),
(1986-09-01,15.276,0.195,Asia),
(1986-08-01,19.746,0.185,Asia),
(1986-07-01,21.275,0.114,Asia),
(1986-06-01,19.491000000000003,0.16699999999999998,Asia),
(1986-05-01,14.62,0.174,Asia),
(1986-04-01,8.700999999999999,0.122,Asia),
(1986-03-01,1.4380000000000002,0.177,Asia),
(1986-02-01,-4.48,0.206,Asia),
(1986-01-01,-6.432,0.28800000000000003,Asia),
(1985-12-01,-5.261,0.301,Asia),
(1985-11-01,0.931,0.113,Asia),
(1985-10-01,8.366999999999999,0.131,Asia),
(1985-09-01,15.225999999999999,0.214,Asia),
(1985-08-01,19.991,0.187,Asia),
(1985-07-01,20.785,0.19,Asia),
(1985-06-01,19.35,0.279,Asia),
(1985-05-01,14.572000000000001,0.182,Asia),
(1985-04-01,8.841000000000001,0.268,Asia),
(1985-03-01,0.4310000000000001,0.125,Asia),
(1985-02-01,-5.294,0.108,Asia),
(1985-01-01,-7.504,0.146,Asia),
(1984-12-01,-7.141,0.152,Asia),
(1984-11-01,-0.31899999999999995,0.158,Asia),
(1984-10-01,8.048,0.16699999999999998,Asia),
(1984-09-01,15.194,0.13699999999999998,Asia),
(1984-08-01,19.6,0.199,Asia),
(1984-07-01,21.388,0.238,Asia),
(1984-06-01,19.442999999999998,0.142,Asia),
(1984-05-01,15.41,0.101,Asia),
(1984-04-01,7.677999999999999,0.102,Asia),
(1984-03-01,1.598,0.194,Asia),
(1984-02-01,-5.997999999999998,0.141,Asia),
(1984-01-01,-6.1129999999999995,0.138,Asia),
(1983-12-01,-3.852,0.263,Asia),
(1983-11-01,1.906,0.181,Asia),
(1983-10-01,8.646999999999998,0.173,Asia),
(1983-09-01,15.847000000000001,0.125,Asia),
(1983-08-01,20.15,0.117,Asia),
(1983-07-01,21.458000000000002,0.147,Asia),
(1983-06-01,19.247,0.243,Asia),
(1983-05-01,14.719000000000001,0.123,Asia),
(1983-04-01,8.215,0.126,Asia),
(1983-03-01,1.847,0.104,Asia),
(1983-02-01,-4.113,0.181,Asia),
(1983-01-01,-5.489000000000001,0.14,Asia),
(1982-12-01,-4.3359999999999985,0.18,Asia),
(1982-11-01,0.08000000000000003,0.223,Asia),
(1982-10-01,7.9929999999999986,0.08,Asia),
(1982-09-01,15.331,0.168,Asia),
(1982-08-01,19.663,0.09,Asia),
(1982-07-01,21.281,0.205,Asia),
(1982-06-01,19.093,0.237,Asia),
(1982-05-01,14.800999999999998,0.189,Asia),
(1982-04-01,9.47,0.107,Asia),
(1982-03-01,0.3690000000000001,0.175,Asia),
(1982-02-01,-4.205,0.103,Asia),
(1982-01-01,-6.9990000000000006,0.133,Asia),
(1981-12-01,-4.081,0.133,Asia),
(1981-11-01,0.309,0.126,Asia),
(1981-10-01,8.267000000000001,0.203,Asia),
(1981-09-01,15.289000000000001,0.152,Asia),
(1981-08-01,20.204,0.16,Asia),
(1981-07-01,21.553,0.223,Asia),
(1981-06-01,19.785999999999998,0.279,Asia),
(1981-05-01,14.67,0.122,Asia),
(1981-04-01,9.157,0.207,Asia),
(1981-03-01,1.902,0.11,Asia),
(1981-02-01,-3.692,0.128,Asia),
(1981-01-01,-5.2940000000000005,0.136,Asia),
(1980-12-01,-3.9389999999999996,0.094,Asia),
(1980-11-01,1.176,0.109,Asia),
(1980-10-01,8.549,0.115,Asia),
(1980-09-01,15.324000000000002,0.095,Asia),
(1980-08-01,19.685,0.185,Asia),
(1980-07-01,21.446,0.21600000000000005,Asia),
(1980-06-01,19.495,0.21600000000000005,Asia),
(1980-05-01,14.873,0.125,Asia),
(1980-04-01,8.142000000000001,0.172,Asia),
(1980-03-01,0.15800000000000006,0.093,Asia),
(1980-02-01,-4.8599999999999985,0.116,Asia),
(1980-01-01,-7.5390000000000015,0.129,Asia),
(1979-12-01,-3.805,0.099,Asia),
(1979-11-01,0.206,0.125,Asia),
(1979-10-01,8.380999999999998,0.098,Asia),
(1979-09-01,15.38,0.078,Asia),
(1979-08-01,19.577,0.253,Asia),
(1979-07-01,21.23,0.106,Asia),
(1979-06-01,19.41,0.147,Asia),
(1979-05-01,14.803,0.253,Asia),
(1979-04-01,7.542000000000001,0.246,Asia),
(1979-03-01,0.942,0.158,Asia),
(1979-02-01,-4.217,0.142,Asia),
(1979-01-01,-7.722,0.136,Asia),
(1978-12-01,-5.5619999999999985,0.247,Asia),
(1978-11-01,1.832,0.226,Asia),
(1978-10-01,8.598999999999998,0.142,Asia),
(1978-09-01,15.357,0.098,Asia),
(1978-08-01,19.358,0.237,Asia),
(1978-07-01,21.075,0.224,Asia),
(1978-06-01,19.191000000000006,0.177,Asia),
(1978-05-01,14.476,0.18600000000000005,Asia),
(1978-04-01,8.748999999999999,0.244,Asia),
(1978-03-01,1.804,0.125,Asia),
(1978-02-01,-5.138,0.203,Asia),
(1978-01-01,-6.876,0.18,Asia),
(1977-12-01,-4.934,0.177,Asia),
(1977-11-01,1.659,0.055,Asia),
(1977-10-01,7.471999999999999,0.14400000000000002,Asia),
(1977-09-01,15.434,0.18,Asia),
(1977-08-01,19.647,0.232,Asia),
(1977-07-01,21.278000000000002,0.222,Asia),
(1977-06-01,19.994000000000003,0.203,Asia),
(1977-05-01,15.177,0.211,Asia),
(1977-04-01,9.244,0.108,Asia),
(1977-03-01,1.779,0.159,Asia),
(1977-02-01,-5.893,0.201,Asia),
(1977-01-01,-9.302999999999999,0.181,Asia),
(1976-12-01,-6.057,0.115,Asia),
(1976-11-01,-0.715,0.083,Asia),
(1976-10-01,6.728999999999999,0.26,Asia),
(1976-09-01,15.185,0.244,Asia),
(1976-08-01,19.465,0.133,Asia),
(1976-07-01,20.625,0.289,Asia),
(1976-06-01,18.937,0.22,Asia),
(1976-05-01,14.42,0.35,Asia),
(1976-04-01,8.427999999999999,0.13699999999999998,Asia),
(1976-03-01,-0.1140000000000001,0.158,Asia),
(1976-02-01,-5.523,0.146,Asia),
(1976-01-01,-6.0489999999999995,0.155,Asia),
(1975-12-01,-5.09,0.125,Asia),
(1975-11-01,0.23,0.114,Asia),
(1975-10-01,8.370999999999999,0.223,Asia),
(1975-09-01,15.919,0.234,Asia),
(1975-08-01,19.749000000000002,0.399,Asia),
(1975-07-01,21.306,0.315,Asia),
(1975-06-01,19.596,0.213,Asia),
(1975-05-01,14.808,0.161,Asia),
(1975-04-01,9.349,0.1,Asia),
(1975-03-01,2.547,0.105,Asia),
(1975-02-01,-4.497,0.17800000000000002,Asia),
(1975-01-01,-5.811,0.147,Asia),
(1974-12-01,-6.198,0.198,Asia),
(1974-11-01,-0.35100000000000003,0.29600000000000004,Asia),
(1974-10-01,8.042,0.094,Asia),
(1974-09-01,15.565999999999999,0.184,Asia),
(1974-08-01,19.779,0.255,Asia),
(1974-07-01,21.441,0.11,Asia),
(1974-06-01,19.021,0.155,Asia),
(1974-05-01,14.698,0.196,Asia),
(1974-04-01,8.732999999999999,0.118,Asia),
(1974-03-01,1.431,0.157,Asia),
(1974-02-01,-6.398,0.222,Asia),
(1974-01-01,-8.267999999999999,0.16899999999999998,Asia),
(1973-12-01,-4.622999999999998,0.131,Asia),
(1973-11-01,0.984,0.08900000000000001,Asia),
(1973-10-01,8.017000000000001,0.211,Asia),
(1973-09-01,15.097000000000001,0.102,Asia),
(1973-08-01,19.855,0.264,Asia),
(1973-07-01,21.154,0.215,Asia),
(1973-06-01,19.529,0.094,Asia),
(1973-05-01,14.796,0.3,Asia),
(1973-04-01,9.149,0.14400000000000002,Asia),
(1973-03-01,1.73,0.28,Asia),
(1973-02-01,-3.17,0.252,Asia),
(1973-01-01,-7.46,0.239,Asia),
(1972-12-01,-4.981999999999998,0.157,Asia),
(1972-11-01,-0.207,0.105,Asia),
(1972-10-01,8.472999999999999,0.249,Asia),
(1972-09-01,14.642000000000001,0.16899999999999998,Asia),
(1972-08-01,19.613,0.189,Asia),
(1972-07-01,21.029,0.225,Asia),
(1972-06-01,19.274,0.247,Asia),
(1972-05-01,14.285,0.102,Asia),
(1972-04-01,8.815999999999997,0.23,Asia),
(1972-03-01,1.026,0.119,Asia),
(1972-02-01,-6.13,0.165,Asia),
(1972-01-01,-8.914,0.16899999999999998,Asia),
(1971-12-01,-4.48,0.095,Asia),
(1971-11-01,2.03,0.136,Asia),
(1971-10-01,8.350999999999999,0.2,Asia),
(1971-09-01,15.634,0.16699999999999998,Asia),
(1971-08-01,19.646,0.206,Asia),
(1971-07-01,21.193,0.171,Asia),
(1971-06-01,18.993,0.163,Asia),
(1971-05-01,14.617,0.223,Asia),
(1971-04-01,8.017999999999999,0.197,Asia),
(1971-03-01,0.609,0.101,Asia),
(1971-02-01,-6.049,0.208,Asia),
(1971-01-01,-6.331,0.09,Asia),
(1970-12-01,-5.6160000000000005,0.117,Asia),
(1970-11-01,0.33299999999999996,0.113,Asia),
(1970-10-01,7.864999999999998,0.14300000000000002,Asia),
(1970-09-01,15.475,0.12,Asia),
(1970-08-01,19.514,0.16899999999999998,Asia),
(1970-07-01,21.444000000000003,0.146,Asia),
(1970-06-01,18.964,0.272,Asia),
(1970-05-01,14.634,0.225,Asia),
(1970-04-01,8.648,0.197,Asia),
(1970-03-01,0.495,0.18600000000000005,Asia),
(1970-02-01,-4.178,0.133,Asia),
(1970-01-01,-7.27,0.172,Asia),
(1969-12-01,-5.144,0.177,Asia),
(1969-11-01,0.8340000000000001,0.12,Asia),
(1969-10-01,8.146999999999998,0.13,Asia),
(1969-09-01,14.867,0.146,Asia),
(1969-08-01,19.425,0.249,Asia),
(1969-07-01,21.357,0.232,Asia),
(1969-06-01,19.035,0.28,Asia),
(1969-05-01,14.11,0.183,Asia),
(1969-04-01,7.848999999999998,0.245,Asia),
(1969-03-01,0.4710000000000001,0.084,Asia),
(1969-02-01,-8.49,0.127,Asia),
(1969-01-01,-9.787,0.138,Asia),
(1968-12-01,-6.314,0.156,Asia),
(1968-11-01,-0.725,0.126,Asia),
(1968-10-01,7.7410000000000005,0.175,Asia),
(1968-09-01,14.75,0.13699999999999998,Asia),
(1968-08-01,19.45,0.193,Asia),
(1968-07-01,21.006,0.201,Asia),
(1968-06-01,18.924000000000003,0.307,Asia),
(1968-05-01,14.8,0.141,Asia),
(1968-04-01,8.417,0.168,Asia),
(1968-03-01,3.0660000000000003,0.161,Asia),
(1968-02-01,-5.078,0.154,Asia),
(1968-01-01,-7.421,0.157,Asia),
(1967-12-01,-5.151,0.157,Asia),
(1967-11-01,0.531,0.091,Asia),
(1967-10-01,9.488,0.08,Asia),
(1967-09-01,14.86,0.212,Asia),
(1967-08-01,19.691,0.269,Asia),
(1967-07-01,21.426,0.344,Asia),
(1967-06-01,19.158,0.177,Asia),
(1967-05-01,15.429,0.253,Asia),
(1967-04-01,8.719,0.139,Asia),
(1967-03-01,1.829,0.204,Asia),
(1967-02-01,-5.506,0.209,Asia),
(1967-01-01,-7.814,0.124,Asia),
(1966-12-01,-6.4510000000000005,0.083,Asia),
(1966-11-01,0.132,0.124,Asia),
(1966-10-01,8.027999999999999,0.192,Asia),
(1966-09-01,15.482,0.26,Asia),
(1966-08-01,20.205,0.192,Asia),
(1966-07-01,21.182,0.2,Asia),
(1966-06-01,19.328000000000007,0.16699999999999998,Asia),
(1966-05-01,14.61,0.203,Asia),
(1966-04-01,7.564,0.125,Asia),
(1966-03-01,0.9990000000000001,0.181,Asia),
(1966-02-01,-5.175,0.101,Asia),
(1966-01-01,-6.8820000000000014,0.134,Asia),
(1965-12-01,-5.707999999999999,0.234,Asia),
(1965-11-01,-0.30200000000000005,0.235,Asia),
(1965-10-01,8.568999999999999,0.253,Asia),
(1965-09-01,15.33,0.16399999999999998,Asia),
(1965-08-01,19.518,0.103,Asia),
(1965-07-01,21.189,0.268,Asia),
(1965-06-01,19.188,0.468,Asia),
(1965-05-01,14.465,0.328,Asia),
(1965-04-01,7.5120000000000005,0.109,Asia),
(1965-03-01,1.406,0.262,Asia),
(1965-02-01,-5.441,0.114,Asia),
(1965-01-01,-6.9140000000000015,0.163,Asia),
(1964-12-01,-5.23,0.121,Asia),
(1964-11-01,0.17400000000000002,0.124,Asia),
(1964-10-01,7.6549999999999985,0.227,Asia),
(1964-09-01,15.08,0.117,Asia),
(1964-08-01,19.730999999999998,0.239,Asia),
(1964-07-01,21.137,0.194,Asia),
(1964-06-01,19.097,0.306,Asia),
(1964-05-01,14.331,0.214,Asia),
(1964-04-01,7.444,0.13,Asia),
(1964-03-01,0.634,0.108,Asia),
(1964-02-01,-5.928,0.196,Asia),
(1964-01-01,-7.372000000000001,0.17600000000000002,Asia),
(1963-12-01,-5.228,0.161,Asia),
(1963-11-01,1.4480000000000002,0.205,Asia),
(1963-10-01,8.95,0.108,Asia),
(1963-09-01,15.454,0.27,Asia),
(1963-08-01,19.849,0.108,Asia),
(1963-07-01,21.319000000000003,0.245,Asia),
(1963-06-01,18.961,0.222,Asia),
(1963-05-01,14.341,0.278,Asia),
(1963-04-01,7.523999999999999,0.175,Asia),
(1963-03-01,1.192,0.14,Asia),
(1963-02-01,-2.84,0.14,Asia),
(1963-01-01,-6.268000000000002,0.147,Asia),
(1962-12-01,-4.891,0.183,Asia),
(1962-11-01,-0.23800000000000002,0.174,Asia),
(1962-10-01,8.133999999999999,0.332,Asia),
(1962-09-01,15.267999999999999,0.261,Asia),
(1962-08-01,19.686,0.232,Asia),
(1962-07-01,21.673000000000002,0.196,Asia),
(1962-06-01,18.925,0.513,Asia),
(1962-05-01,15.07,0.163,Asia),
(1962-04-01,8.809999999999997,0.269,Asia),
(1962-03-01,1.966,0.226,Asia),
(1962-02-01,-3.04,0.158,Asia),
(1962-01-01,-5.86,0.108,Asia),
(1961-12-01,-5.089,0.117,Asia),
(1961-11-01,0.5640000000000001,0.104,Asia),
(1961-10-01,7.7349999999999985,0.303,Asia),
(1961-09-01,15.373,0.086,Asia),
(1961-08-01,19.707,0.091,Asia),
(1961-07-01,21.323,0.19,Asia),
(1961-06-01,19.217,0.326,Asia),
(1961-05-01,14.812999999999999,0.287,Asia),
(1961-04-01,8.613999999999999,0.275,Asia),
(1961-03-01,2.1519999999999997,0.146,Asia),
(1961-02-01,-3.968,0.123,Asia),
(1961-01-01,-6.9910000000000005,0.193,Asia),
(1960-12-01,-4.62,0.14300000000000002,Asia),
(1960-11-01,-0.623,0.228,Asia),
(1960-10-01,7.658999999999999,0.16399999999999998,Asia),
(1960-09-01,15.431,0.128,Asia),
(1960-08-01,19.6,0.322,Asia),
(1960-07-01,21.107,0.14400000000000002,Asia),
(1960-06-01,19.551,0.262,Asia),
(1960-05-01,13.843,0.335,Asia),
(1960-04-01,7.766999999999999,0.215,Asia),
(1960-03-01,-0.11599999999999988,0.115,Asia),
(1960-02-01,-3.744,0.285,Asia),
(1960-01-01,-7.483,0.217,Asia),
(1959-12-01,-6.462000000000001,0.161,Asia),
(1959-11-01,-0.239,0.14,Asia),
(1959-10-01,8.235999999999999,0.231,Asia),
(1959-09-01,15.7,0.28300000000000003,Asia),
(1959-08-01,20.077,0.117,Asia),
(1959-07-01,21.035,0.248,Asia),
(1959-06-01,19.48,0.165,Asia),
(1959-05-01,14.369000000000002,0.092,Asia),
(1959-04-01,8.633,0.294,Asia),
(1959-03-01,2.251,0.316,Asia),
(1959-02-01,-4.481,0.133,Asia),
(1959-01-01,-6.6240000000000006,0.239,Asia),
(1958-12-01,-5.236000000000001,0.165,Asia),
(1958-11-01,0.138,0.134,Asia),
(1958-10-01,8.058,0.192,Asia),
(1958-09-01,14.749,0.215,Asia),
(1958-08-01,19.6,0.261,Asia),
(1958-07-01,21.171,0.341,Asia),
(1958-06-01,19.089,0.339,Asia),
(1958-05-01,14.095999999999998,0.301,Asia),
(1958-04-01,7.919,0.233,Asia),
(1958-03-01,0.5720000000000001,0.118,Asia),
(1958-02-01,-4.06,0.28800000000000003,Asia),
(1958-01-01,-6.622000000000001,0.229,Asia),
(1957-12-01,-4.432,0.223,Asia),
(1957-11-01,0.09,0.226,Asia),
(1957-10-01,8.024,0.332,Asia),
(1957-09-01,15.337,0.452,Asia),
(1957-08-01,19.79,0.685,Asia),
(1957-07-01,20.98,0.425,Asia),
(1957-06-01,19.389000000000006,0.435,Asia),
(1957-05-01,14.562999999999999,0.203,Asia),
(1957-04-01,7.699999999999998,0.335,Asia),
(1957-03-01,-0.29899999999999993,0.228,Asia),
(1957-02-01,-6.073,0.201,Asia),
(1957-01-01,-7.152,0.18600000000000005,Asia),
(1956-12-01,-5.752000000000001,0.237,Asia),
(1956-11-01,-0.14399999999999996,0.28800000000000003,Asia),
(1956-10-01,7.892999999999999,0.183,Asia),
(1956-09-01,14.882,0.14800000000000002,Asia),
(1956-08-01,19.482,0.204,Asia),
(1956-07-01,21.1,0.093,Asia),
(1956-06-01,19.168000000000006,0.124,Asia),
(1956-05-01,14.185,0.274,Asia),
(1956-04-01,7.6869999999999985,0.184,Asia),
(1956-03-01,0.4370000000000001,0.135,Asia),
(1956-02-01,-5.605,0.145,Asia),
(1956-01-01,-7.909000000000002,0.123,Asia),
(1955-12-01,-5.797000000000001,0.145,Asia),
(1955-11-01,0.516,0.222,Asia),
(1955-10-01,8.623,0.11,Asia),
(1955-09-01,15.296,0.129,Asia),
(1955-08-01,19.977,0.231,Asia),
(1955-07-01,21.041,0.133,Asia),
(1955-06-01,19.514000000000006,0.14800000000000002,Asia),
(1955-05-01,14.667,0.232,Asia),
(1955-04-01,7.356,0.104,Asia),
(1955-03-01,-0.18999999999999995,0.119,Asia),
(1955-02-01,-4.833,0.19,Asia),
(1955-01-01,-6.1400000000000015,0.098,Asia),
(1954-12-01,-6.438,0.16399999999999998,Asia),
(1954-11-01,0.597,0.14,Asia),
(1954-10-01,8.709,0.18,Asia),
(1954-09-01,15.514,0.237,Asia),
(1954-08-01,20.151,0.124,Asia),
(1954-07-01,21.411,0.105,Asia),
(1954-06-01,19.39,0.214,Asia),
(1954-05-01,14.042,0.086,Asia),
(1954-04-01,8.494,0.198,Asia),
(1954-03-01,0.216,0.223,Asia),
(1954-02-01,-5.977,0.219,Asia),
(1954-01-01,-7.891,0.142,Asia),
(1953-12-01,-4.862,0.135,Asia),
(1953-11-01,-0.932,0.106,Asia),
(1953-10-01,8.517999999999999,0.104,Asia),
(1953-09-01,15.465,0.096,Asia),
(1953-08-01,20.070999999999998,0.114,Asia),
(1953-07-01,21.699,0.127,Asia),
(1953-06-01,19.709000000000003,0.154,Asia),
(1953-05-01,15.057,0.173,Asia),
(1953-04-01,8.91,0.109,Asia),
(1953-03-01,1.861,0.08199999999999999,Asia),
(1953-02-01,-4.454,0.102,Asia),
(1953-01-01,-6.982,0.11,Asia),
(1952-12-01,-6.846,0.122,Asia),
(1952-11-01,-1.849,0.14300000000000002,Asia),
(1952-10-01,7.6709999999999985,0.119,Asia),
(1952-09-01,15.837,0.121,Asia),
(1952-08-01,19.925,0.112,Asia),
(1952-07-01,21.57,0.127,Asia),
(1952-06-01,19.199,0.113,Asia),
(1952-05-01,14.418,0.12,Asia),
(1952-04-01,7.96,0.092,Asia),
(1952-03-01,0.10000000000000007,0.08800000000000001,Asia),
(1952-02-01,-4.887,0.127,Asia),
(1952-01-01,-6.541,0.116,Asia),
(1951-12-01,-2.861,0.139,Asia),
(1951-11-01,0.65,0.28,Asia),
(1951-10-01,9.313,0.177,Asia),
(1951-09-01,15.911,0.259,Asia),
(1951-08-01,20.076,0.13699999999999998,Asia),
(1951-07-01,21.254,0.204,Asia),
(1951-06-01,19.075000000000006,0.401,Asia),
(1951-05-01,14.907,0.224,Asia),
(1951-04-01,8.404,0.166,Asia),
(1951-03-01,0.546,0.14,Asia),
(1951-02-01,-7.065,0.231,Asia),
(1951-01-01,-8.202,0.194,Asia),
(1950-12-01,-6.147,0.123,Asia),
(1950-11-01,-1.088,0.263,Asia),
(1950-10-01,8.242999999999999,0.136,Asia),
(1950-09-01,15.175,0.12,Asia),
(1950-08-01,19.479,0.15,Asia),
(1950-07-01,20.902,0.119,Asia),
(1950-06-01,19.049000000000003,0.14800000000000002,Asia),
(1950-05-01,14.677,0.13,Asia),
(1950-04-01,8.102,0.133,Asia),
(1950-03-01,1.155,0.13,Asia),
(1950-02-01,-5.611000000000001,0.133,Asia),
(1950-01-01,-7.8980000000000015,0.147,Asia),
(1949-12-01,-6.513,0.128,Asia),
(1949-11-01,-0.635,0.139,Asia),
(1949-10-01,8.773,0.125,Asia),
(1949-09-01,15.015,0.14800000000000002,Asia),
(1949-08-01,19.826,0.146,Asia),
(1949-07-01,20.839000000000002,0.175,Asia),
(1949-06-01,19.037000000000006,0.14800000000000002,Asia),
(1949-05-01,14.943,0.132,Asia),
(1949-04-01,8.456,0.123,Asia),
(1949-03-01,0.483,0.159,Asia),
(1949-02-01,-4.34,0.17,Asia),
(1949-01-01,-5.612,0.182,Asia),
(1948-12-01,-5.5299999999999985,0.14,Asia),
(1948-11-01,0.77,0.124,Asia),
(1948-10-01,8.764999999999999,0.121,Asia),
(1948-09-01,15.34,0.14800000000000002,Asia),
(1948-08-01,19.953,0.154,Asia),
(1948-07-01,21.425,0.172,Asia),
(1948-06-01,19.623,0.14800000000000002,Asia),
(1948-05-01,15.040999999999999,0.154,Asia),
(1948-04-01,8.936,0.127,Asia),
(1948-03-01,1.44,0.129,Asia),
(1948-02-01,-4.348,0.161,Asia),
(1948-01-01,-5.791,0.157,Asia),
(1947-12-01,-6.189,0.16,Asia),
(1947-11-01,0.782,0.197,Asia),
(1947-10-01,9.244,0.17,Asia),
(1947-09-01,15.485,0.15,Asia),
(1947-08-01,19.625999999999998,0.149,Asia),
(1947-07-01,21.01,0.173,Asia),
(1947-06-01,19.147,0.21,Asia),
(1947-05-01,14.755,0.157,Asia),
(1947-04-01,9.391,0.146,Asia),
(1947-03-01,1.7269999999999999,0.166,Asia),
(1947-02-01,-5.544,0.163,Asia),
(1947-01-01,-8.032,0.156,Asia),
(1946-12-01,-6.907,0.138,Asia),
(1946-11-01,0.523,0.172,Asia),
(1946-10-01,8.385,0.14300000000000002,Asia),
(1946-09-01,14.978,0.16399999999999998,Asia),
(1946-08-01,19.968,0.212,Asia),
(1946-07-01,21.336,0.194,Asia),
(1946-06-01,19.088,0.209,Asia),
(1946-05-01,14.304,0.147,Asia),
(1946-04-01,9.058,0.161,Asia),
(1946-03-01,-0.07599999999999985,0.16899999999999998,Asia),
(1946-02-01,-3.861,0.214,Asia),
(1946-01-01,-6.807,0.18600000000000005,Asia),
(1945-12-01,-6.566,0.16699999999999998,Asia),
(1945-11-01,0.657,0.16699999999999998,Asia),
(1945-10-01,8.931000000000001,0.136,Asia),
(1945-09-01,15.709000000000001,0.162,Asia),
(1945-08-01,20.317999999999998,0.171,Asia),
(1945-07-01,20.979,0.191,Asia),
(1945-06-01,19.538,0.19,Asia),
(1945-05-01,14.767999999999999,0.185,Asia),
(1945-04-01,9.03,0.149,Asia),
(1945-03-01,-0.2889999999999999,0.155,Asia),
(1945-02-01,-6.824,0.163,Asia),
(1945-01-01,-8.267000000000001,0.154,Asia),
(1944-12-01,-6.747000000000001,0.139,Asia),
(1944-11-01,-0.15600000000000006,0.147,Asia),
(1944-10-01,8.619,0.17600000000000002,Asia),
(1944-09-01,15.845,0.161,Asia),
(1944-08-01,19.633,0.179,Asia),
(1944-07-01,21.351,0.16899999999999998,Asia),
(1944-06-01,19.294,0.145,Asia),
(1944-05-01,14.897,0.192,Asia),
(1944-04-01,8.253,0.166,Asia),
(1944-03-01,2.6489999999999996,0.168,Asia),
(1944-02-01,-3.846,0.201,Asia),
(1944-01-01,-5.9910000000000005,0.19,Asia),
(1943-12-01,-4.785,0.17600000000000002,Asia),
(1943-11-01,0.261,0.16899999999999998,Asia),
(1943-10-01,8.838999999999997,0.173,Asia),
(1943-09-01,15.557,0.189,Asia),
(1943-08-01,20.055,0.177,Asia),
(1943-07-01,21.373,0.192,Asia),
(1943-06-01,18.973000000000006,0.151,Asia),
(1943-05-01,15.635,0.196,Asia),
(1943-04-01,9.003,0.159,Asia),
(1943-03-01,1.534,0.163,Asia),
(1943-02-01,-4.383,0.201,Asia),
(1943-01-01,-7.6640000000000015,0.238,Asia),
(1942-12-01,-4.439,0.199,Asia),
(1942-11-01,1.048,0.141,Asia),
(1942-10-01,8.482999999999999,0.145,Asia),
(1942-09-01,15.293,0.152,Asia),
(1942-08-01,19.562,0.185,Asia),
(1942-07-01,21.334,0.207,Asia),
(1942-06-01,19.597,0.158,Asia),
(1942-05-01,14.405,0.171,Asia),
(1942-04-01,7.656000000000001,0.202,Asia),
(1942-03-01,0.30900000000000005,0.173,Asia),
(1942-02-01,-5.941,0.171,Asia),
(1942-01-01,-6.8629999999999995,0.173,Asia),
(1941-12-01,-6.169,0.193,Asia),
(1941-11-01,-0.18600000000000003,0.173,Asia),
(1941-10-01,8.846,0.136,Asia),
(1941-09-01,15.210999999999999,0.158,Asia),
(1941-08-01,19.938,0.161,Asia),
(1941-07-01,21.272,0.154,Asia),
(1941-06-01,19.590999999999998,0.158,Asia),
(1941-05-01,14.679,0.189,Asia),
(1941-04-01,7.848,0.173,Asia),
(1941-03-01,0.5860000000000001,0.168,Asia),
(1941-02-01,-5.02,0.135,Asia),
(1941-01-01,-7.4380000000000015,0.147,Asia),
(1940-12-01,-4.891,0.203,Asia),
(1940-11-01,0.8360000000000001,0.152,Asia),
(1940-10-01,7.917999999999998,0.202,Asia),
(1940-09-01,15.184,0.207,Asia),
(1940-08-01,19.77,0.153,Asia),
(1940-07-01,21.448,0.161,Asia),
(1940-06-01,19.347,0.132,Asia),
(1940-05-01,14.172,0.135,Asia),
(1940-04-01,8.843,0.145,Asia),
(1940-03-01,1.004,0.135,Asia),
(1940-02-01,-4.63,0.207,Asia),
(1940-01-01,-8.427999999999999,0.161,Asia),
(1939-12-01,-3.622,0.181,Asia),
(1939-11-01,0.653,0.135,Asia),
(1939-10-01,8.187000000000001,0.152,Asia),
(1939-09-01,15.217,0.126,Asia),
(1939-08-01,19.959,0.16,Asia),
(1939-07-01,21.265,0.153,Asia),
(1939-06-01,19.602,0.209,Asia),
(1939-05-01,14.689,0.141,Asia),
(1939-04-01,7.9609999999999985,0.165,Asia),
(1939-03-01,0.976,0.13,Asia),
(1939-02-01,-3.5380000000000003,0.17,Asia),
(1939-01-01,-7.896,0.173,Asia),
(1938-12-01,-6.945,0.153,Asia),
(1938-11-01,1.3030000000000002,0.187,Asia),
(1938-10-01,8.280999999999999,0.188,Asia),
(1938-09-01,15.552999999999999,0.147,Asia),
(1938-08-01,20.142,0.158,Asia),
(1938-07-01,21.451,0.13699999999999998,Asia),
(1938-06-01,18.84,0.14300000000000002,Asia),
(1938-05-01,14.802,0.175,Asia),
(1938-04-01,9.803,0.237,Asia),
(1938-03-01,1.394,0.179,Asia),
(1938-02-01,-4.397,0.241,Asia),
(1938-01-01,-6.945,0.239,Asia),
(1937-12-01,-6.055,0.209,Asia),
(1937-11-01,0.172,0.212,Asia),
(1937-10-01,8.899999999999997,0.15,Asia),
(1937-09-01,15.744000000000002,0.149,Asia),
(1937-08-01,19.727,0.14800000000000002,Asia),
(1937-07-01,21.26,0.158,Asia),
(1937-06-01,19.206000000000003,0.147,Asia),
(1937-05-01,14.447000000000001,0.21,Asia),
(1937-04-01,7.4849999999999985,0.188,Asia),
(1937-03-01,-0.5090000000000001,0.215,Asia),
(1937-02-01,-4.112,0.17600000000000002,Asia),
(1937-01-01,-7.315,0.18600000000000005,Asia),
(1936-12-01,-4.559,0.221,Asia),
(1936-11-01,0.787,0.138,Asia),
(1936-10-01,9.03,0.182,Asia),
(1936-09-01,15.463,0.177,Asia),
(1936-08-01,19.683,0.204,Asia),
(1936-07-01,21.411,0.136,Asia),
(1936-06-01,19.008000000000006,0.163,Asia),
(1936-05-01,14.293,0.234,Asia),
(1936-04-01,7.941999999999998,0.168,Asia),
(1936-03-01,-0.45,0.235,Asia),
(1936-02-01,-5.421,0.166,Asia),
(1936-01-01,-8.492,0.341,Asia),
(1935-12-01,-6.599,0.259,Asia),
(1935-11-01,-0.927,0.156,Asia),
(1935-10-01,8.802999999999997,0.162,Asia),
(1935-09-01,15.42,0.141,Asia),
(1935-08-01,20.018,0.141,Asia),
(1935-07-01,21.112,0.17800000000000002,Asia),
(1935-06-01,19.102,0.152,Asia),
(1935-05-01,14.432,0.17,Asia),
(1935-04-01,7.250999999999999,0.237,Asia),
(1935-03-01,1.364,0.198,Asia),
(1935-02-01,-2.682,0.215,Asia),
(1935-01-01,-7.94,0.309,Asia),
(1934-12-01,-5.134,0.279,Asia),
(1934-11-01,0.575,0.185,Asia),
(1934-10-01,8.192,0.192,Asia),
(1934-09-01,14.502,0.173,Asia),
(1934-08-01,19.59,0.179,Asia),
(1934-07-01,20.871,0.18,Asia),
(1934-06-01,18.986,0.166,Asia),
(1934-05-01,14.677,0.172,Asia),
(1934-04-01,6.869,0.172,Asia),
(1934-03-01,0.24,0.209,Asia),
(1934-02-01,-2.8480000000000003,0.16699999999999998,Asia),
(1934-01-01,-7.701,0.254,Asia),
(1933-12-01,-5.567,0.316,Asia),
(1933-11-01,0.326,0.194,Asia),
(1933-10-01,8.237,0.14800000000000002,Asia),
(1933-09-01,14.784,0.179,Asia),
(1933-08-01,19.81,0.15,Asia),
(1933-07-01,21.22,0.158,Asia),
(1933-06-01,18.589,0.195,Asia),
(1933-05-01,13.898,0.16699999999999998,Asia),
(1933-04-01,7.835,0.245,Asia),
(1933-03-01,-0.44,0.201,Asia),
(1933-02-01,-6.22,0.217,Asia),
(1933-01-01,-9.071,0.23,Asia),
(1932-12-01,-5.818,0.263,Asia),
(1932-11-01,0.14600000000000002,0.187,Asia),
(1932-10-01,9.084,0.209,Asia),
(1932-09-01,15.683,0.192,Asia),
(1932-08-01,19.588,0.199,Asia),
(1932-07-01,21.37,0.201,Asia),
(1932-06-01,19.12,0.194,Asia),
(1932-05-01,14.138,0.218,Asia),
(1932-04-01,8.821,0.224,Asia),
(1932-03-01,0.71,0.188,Asia),
(1932-02-01,-5.257000000000001,0.255,Asia),
(1932-01-01,-5.357,0.201,Asia),
(1931-12-01,-5.539,0.171,Asia),
(1931-11-01,0.175,0.182,Asia),
(1931-10-01,9.166,0.175,Asia),
(1931-09-01,15.71,0.198,Asia),
(1931-08-01,20.177,0.208,Asia),
(1931-07-01,21.222,0.188,Asia),
(1931-06-01,19.331000000000003,0.198,Asia),
(1931-05-01,13.909,0.17600000000000002,Asia),
(1931-04-01,7.401999999999999,0.16399999999999998,Asia),
(1931-03-01,0.99,0.19,Asia),
(1931-02-01,-7.856,0.28600000000000003,Asia),
(1931-01-01,-8.775,0.301,Asia),
(1930-12-01,-6.457999999999999,0.231,Asia),
(1930-11-01,1.105,0.218,Asia),
(1930-10-01,8.149999999999999,0.182,Asia),
(1930-09-01,14.595,0.161,Asia),
(1930-08-01,19.910999999999998,0.173,Asia),
(1930-07-01,21.281,0.196,Asia),
(1930-06-01,18.784,0.179,Asia),
(1930-05-01,14.255,0.207,Asia),
(1930-04-01,7.327000000000001,0.208,Asia),
(1930-03-01,1.5959999999999999,0.22,Asia),
(1930-02-01,-5.818,0.205,Asia),
(1930-01-01,-7.585,0.255,Asia),
(1929-12-01,-8.256,0.295,Asia),
(1929-11-01,0.5429999999999999,0.2,Asia),
(1929-10-01,8.309999999999999,0.188,Asia),
(1929-09-01,14.833,0.225,Asia),
(1929-08-01,19.544,0.197,Asia),
(1929-07-01,20.893,0.2,Asia),
(1929-06-01,18.787000000000006,0.188,Asia),
(1929-05-01,14.42,0.274,Asia),
(1929-04-01,8.094999999999999,0.189,Asia),
(1929-03-01,0.944,0.226,Asia),
(1929-02-01,-6.956,0.26,Asia),
(1929-01-01,-8.905000000000003,0.35700000000000004,Asia),
(1928-12-01,-5.978,0.295,Asia),
(1928-11-01,-0.113,0.244,Asia),
(1928-10-01,8.197999999999999,0.214,Asia),
(1928-09-01,15.015999999999998,0.196,Asia),
(1928-08-01,19.59,0.214,Asia),
(1928-07-01,21.043000000000003,0.228,Asia),
(1928-06-01,18.916,0.23,Asia),
(1928-05-01,14.444,0.28300000000000003,Asia),
(1928-04-01,8.121,0.231,Asia),
(1928-03-01,-0.2530000000000001,0.266,Asia),
(1928-02-01,-5.061,0.227,Asia),
(1928-01-01,-7.4,0.244,Asia),
(1927-12-01,-6.041,0.24,Asia),
(1927-11-01,0.944,0.228,Asia),
(1927-10-01,8.976999999999997,0.228,Asia),
(1927-09-01,15.661,0.197,Asia),
(1927-08-01,19.723,0.196,Asia),
(1927-07-01,21.309,0.255,Asia),
(1927-06-01,19.262999999999998,0.218,Asia),
(1927-05-01,14.71,0.252,Asia),
(1927-04-01,7.901999999999999,0.227,Asia),
(1927-03-01,-0.8699999999999999,0.247,Asia),
(1927-02-01,-5.4510000000000005,0.273,Asia),
(1927-01-01,-8.641,0.261,Asia),
(1926-12-01,-6.0089999999999995,0.305,Asia),
(1926-11-01,0.491,0.229,Asia),
(1926-10-01,8.146999999999998,0.28,Asia),
(1926-09-01,15.215,0.262,Asia),
(1926-08-01,19.866,0.28600000000000003,Asia),
(1926-07-01,20.772,0.218,Asia),
(1926-06-01,18.784,0.239,Asia),
(1926-05-01,13.758,0.307,Asia),
(1926-04-01,7.495999999999999,0.266,Asia),
(1926-03-01,2.2430000000000003,0.25,Asia),
(1926-02-01,-4.9030000000000005,0.268,Asia),
(1926-01-01,-6.401,0.32,Asia),
(1925-12-01,-4.698,0.236,Asia),
(1925-11-01,0.964,0.208,Asia),
(1925-10-01,8.844999999999997,0.24,Asia),
(1925-09-01,15.322,0.229,Asia),
(1874-12-01,-5.799,0.77,Asia),
(1925-08-01,19.659000000000002,0.229,Asia),
(1925-07-01,20.724,0.204,Asia),
(1925-06-01,18.587000000000003,0.224,Asia),
(1925-05-01,14.07,0.233,Asia),
(1925-04-01,7.737999999999999,0.256,Asia),
(1925-03-01,0.8270000000000001,0.28800000000000003,Asia),
(1925-02-01,-5.777,0.31,Asia),
(1925-01-01,-6.2360000000000015,0.21600000000000005,Asia),
(1924-12-01,-4.933,0.278,Asia),
(1924-11-01,1.422,0.257,Asia),
(1924-10-01,7.93,0.234,Asia),
(1924-09-01,15.34,0.206,Asia),
(1924-08-01,19.834,0.26,Asia),
(1924-07-01,21.399,0.208,Asia),
(1924-06-01,18.908,0.268,Asia),
(1924-05-01,14.36,0.266,Asia),
(1924-04-01,7.957000000000001,0.273,Asia),
(1924-03-01,0.7250000000000001,0.28800000000000003,Asia),
(1924-02-01,-5.644,0.348,Asia),
(1924-01-01,-7.585,0.287,Asia),
(1923-12-01,-5.065,0.274,Asia),
(1923-11-01,0.336,0.246,Asia),
(1923-10-01,8.5,0.227,Asia),
(1923-09-01,15.097000000000001,0.24,Asia),
(1923-08-01,19.864,0.232,Asia),
(1923-07-01,20.847,0.221,Asia),
(1923-06-01,19.25,0.22,Asia),
(1923-05-01,13.902999999999999,0.257,Asia),
(1923-04-01,7.06,0.262,Asia),
(1923-03-01,1.217,0.262,Asia),
(1923-02-01,-5.794,0.289,Asia),
(1923-01-01,-7.638999999999999,0.331,Asia),
(1922-12-01,-4.747999999999998,0.303,Asia),
(1922-11-01,0.107,0.28800000000000003,Asia),
(1922-10-01,7.868999999999999,0.316,Asia),
(1922-09-01,14.702,0.29,Asia),
(1922-08-01,19.577,0.353,Asia),
(1922-07-01,21.573,0.337,Asia),
(1922-06-01,19.444000000000006,0.317,Asia),
(1922-05-01,14.555,0.292,Asia),
(1922-04-01,8.206999999999999,0.343,Asia),
(1922-03-01,1.5130000000000001,0.314,Asia),
(1922-02-01,-5.89,0.412,Asia),
(1922-01-01,-8.367,0.36,Asia),
(1921-12-01,-6.065,0.271,Asia),
(1921-11-01,0.35300000000000004,0.265,Asia),
(1921-10-01,7.975999999999999,0.242,Asia),
(1921-09-01,14.95,0.233,Asia),
(1921-08-01,19.512,0.268,Asia),
(1921-07-01,21.487,0.299,Asia),
(1921-06-01,19.317,0.309,Asia),
(1921-05-01,14.239,0.265,Asia),
(1921-04-01,8.291,0.264,Asia),
(1921-03-01,0.9,0.302,Asia),
(1921-02-01,-4.643,0.244,Asia),
(1921-01-01,-6.446000000000001,0.289,Asia),
(1920-12-01,-7.760999999999999,0.265,Asia),
(1920-11-01,-0.4740000000000001,0.271,Asia),
(1920-10-01,7.600999999999999,0.23,Asia),
(1920-09-01,14.696,0.228,Asia),
(1920-08-01,19.896,0.238,Asia),
(1920-07-01,21.293000000000003,0.278,Asia),
(1920-06-01,19.131,0.295,Asia),
(1920-05-01,14.667,0.256,Asia),
(1920-04-01,8.651,0.28800000000000003,Asia),
(1920-03-01,1.93,0.259,Asia),
(1920-02-01,-6.42,0.281,Asia),
(1920-01-01,-6.046,0.299,Asia),
(1919-12-01,-5.9529999999999985,0.287,Asia),
(1919-11-01,-0.07399999999999995,0.24,Asia),
(1919-10-01,8.907,0.29,Asia),
(1919-09-01,15.110999999999999,0.251,Asia),
(1919-08-01,19.95,0.3,Asia),
(1919-07-01,21.066999999999997,0.258,Asia),
(1919-06-01,18.695999999999998,0.31,Asia),
(1919-05-01,13.912,0.281,Asia),
(1919-04-01,8.389,0.267,Asia),
(1919-03-01,0.2290000000000001,0.303,Asia),
(1919-02-01,-5.678,0.358,Asia),
(1919-01-01,-9.588,0.327,Asia),
(1918-12-01,-7.943,0.326,Asia),
(1918-11-01,-0.342,0.265,Asia),
(1918-10-01,8.443,0.271,Asia),
(1918-09-01,15.195,0.245,Asia),
(1918-08-01,19.430999999999997,0.264,Asia),
(1918-07-01,20.923000000000002,0.308,Asia),
(1918-06-01,18.687,0.337,Asia),
(1918-05-01,13.627,0.282,Asia),
(1918-04-01,7.399999999999999,0.324,Asia),
(1918-03-01,0.8700000000000001,0.364,Asia),
(1918-02-01,-5.113,0.277,Asia),
(1918-01-01,-7.15,0.34,Asia),
(1917-12-01,-6.3439999999999985,0.331,Asia),
(1917-11-01,0.304,0.423,Asia),
(1917-10-01,7.725,0.272,Asia),
(1917-09-01,15.067,0.383,Asia),
(1917-08-01,19.445,0.276,Asia),
(1917-07-01,21.075,0.238,Asia),
(1917-06-01,18.921000000000006,0.238,Asia),
(1917-05-01,14.522,0.375,Asia),
(1917-04-01,8.293,0.341,Asia),
(1917-03-01,0.03200000000000003,0.343,Asia),
(1917-02-01,-5.32,0.398,Asia),
(1917-01-01,-7.807,0.544,Asia),
(1916-12-01,-7.883999999999999,0.333,Asia),
(1916-11-01,-0.46,0.257,Asia),
(1916-10-01,8.229,0.267,Asia),
(1916-09-01,14.788,0.287,Asia),
(1916-08-01,19.622,0.35700000000000004,Asia),
(1916-07-01,20.859,0.31,Asia),
(1916-06-01,18.613000000000003,0.248,Asia),
(1916-05-01,13.994000000000002,0.275,Asia),
(1916-04-01,7.4910000000000005,0.334,Asia),
(1916-03-01,0.08799999999999998,0.4270000000000001,Asia),
(1916-02-01,-5.307,0.273,Asia),
(1916-01-01,-6.847,0.317,Asia),
(1915-12-01,-5.962999999999999,0.289,Asia),
(1915-11-01,0.237,0.398,Asia),
(1915-10-01,7.198,0.256,Asia),
(1915-09-01,14.977,0.244,Asia),
(1915-08-01,19.463,0.253,Asia),
(1915-07-01,21.417,0.31,Asia),
(1915-06-01,19.412000000000006,0.262,Asia),
(1915-05-01,15.013,0.324,Asia),
(1915-04-01,7.858,0.335,Asia),
(1915-03-01,0.637,0.269,Asia),
(1915-02-01,-5.301,0.425,Asia),
(1915-01-01,-8.359,0.32,Asia),
(1914-12-01,-5.2719999999999985,0.344,Asia),
(1914-11-01,-0.655,0.241,Asia),
(1914-10-01,7.754,0.29100000000000004,Asia),
(1914-09-01,14.997,0.316,Asia),
(1914-08-01,19.63,0.391,Asia),
(1914-07-01,20.86,0.28800000000000003,Asia),
(1914-06-01,19.144,0.324,Asia),
(1914-05-01,14.404000000000002,0.314,Asia),
(1914-04-01,7.645,0.319,Asia),
(1914-03-01,0.3940000000000001,0.278,Asia),
(1914-02-01,-3.4,0.331,Asia),
(1914-01-01,-5.722,0.32,Asia),
(1913-12-01,-4.6530000000000005,0.34,Asia),
(1913-11-01,-0.066,0.32299999999999995,Asia),
(1913-10-01,7.900999999999999,0.334,Asia),
(1913-09-01,14.84,0.348,Asia),
(1913-08-01,19.479,0.305,Asia),
(1913-07-01,20.716,0.318,Asia),
(1913-06-01,18.519,0.277,Asia),
(1913-05-01,13.944,0.237,Asia),
(1913-04-01,7.306999999999999,0.236,Asia),
(1913-03-01,0.794,0.307,Asia),
(1913-02-01,-6.12,0.334,Asia),
(1913-01-01,-7.854,0.258,Asia),
(1912-12-01,-6.9849999999999985,0.289,Asia),
(1912-11-01,-0.875,0.277,Asia),
(1912-10-01,6.114999999999998,0.35,Asia),
(1912-09-01,14.120999999999999,0.266,Asia),
(1912-08-01,18.541,0.238,Asia),
(1912-07-01,20.479,0.271,Asia),
(1912-06-01,19.454,0.285,Asia),
(1912-05-01,14.298,0.272,Asia),
(1912-04-01,8.064,0.249,Asia),
(1912-03-01,-0.794,0.32,Asia),
(1912-02-01,-5.026,0.385,Asia),
(1912-01-01,-7.12,0.31,Asia),
(1911-12-01,-6.510999999999999,0.349,Asia),
(1911-11-01,0.838,0.276,Asia),
(1911-10-01,7.875999999999999,0.28,Asia),
(1911-09-01,14.573,0.294,Asia),
(1911-08-01,19.445,0.311,Asia),
(1911-07-01,21.106,0.276,Asia),
(1911-06-01,18.907,0.254,Asia),
(1911-05-01,13.895,0.28300000000000003,Asia),
(1911-04-01,8.118,0.27,Asia),
(1911-03-01,-0.6729999999999999,0.259,Asia),
(1911-02-01,-5.685,0.275,Asia),
(1911-01-01,-8.392000000000001,0.37,Asia),
(1910-12-01,-7.452000000000001,0.4370000000000001,Asia),
(1910-11-01,-1.013,0.289,Asia),
(1910-10-01,7.7879999999999985,0.244,Asia),
(1910-09-01,14.784,0.303,Asia),
(1910-08-01,19.823,0.27,Asia),
(1910-07-01,21.45,0.281,Asia),
(1910-06-01,18.602999999999998,0.257,Asia),
(1910-05-01,14.447000000000001,0.314,Asia),
(1910-04-01,7.5920000000000005,0.256,Asia),
(1910-03-01,-0.6469999999999998,0.268,Asia),
(1910-02-01,-4.277,0.28300000000000003,Asia),
(1910-01-01,-7.484,0.336,Asia),
(1909-12-01,-5.4689999999999985,0.3670000000000001,Asia),
(1909-11-01,1.102,0.304,Asia),
(1909-10-01,8.203999999999999,0.278,Asia),
(1909-09-01,15.165999999999999,0.249,Asia),
(1909-08-01,19.954,0.274,Asia),
(1909-07-01,21.323,0.28600000000000003,Asia),
(1909-06-01,18.520000000000003,0.268,Asia),
(1909-05-01,14.019,0.28800000000000003,Asia),
(1909-04-01,7.784999999999998,0.316,Asia),
(1909-03-01,-0.8079999999999999,0.328,Asia),
(1909-02-01,-4.882,0.292,Asia),
(1909-01-01,-8.859,0.482,Asia),
(1908-12-01,-6.5360000000000005,0.284,Asia),
(1908-11-01,-0.957,0.256,Asia),
(1908-10-01,7.832999999999998,0.355,Asia),
(1908-09-01,15.25,0.275,Asia),
(1908-08-01,19.56,0.244,Asia),
(1908-07-01,21.001,0.272,Asia),
(1908-06-01,19.366000000000003,0.267,Asia),
(1908-05-01,14.425,0.256,Asia),
(1908-04-01,7.473,0.276,Asia),
(1908-03-01,-0.9640000000000002,0.405,Asia),
(1908-02-01,-5.425,0.359,Asia),
(1908-01-01,-8.613,0.335,Asia),
(1907-12-01,-7.403,0.282,Asia),
(1907-11-01,-1.265,0.295,Asia),
(1907-10-01,8.011000000000001,0.244,Asia),
(1907-09-01,15.06,0.272,Asia),
(1907-08-01,19.685,0.324,Asia),
(1907-07-01,20.734,0.299,Asia),
(1907-06-01,18.500999999999998,0.254,Asia),
(1907-05-01,13.997,0.325,Asia),
(1907-04-01,8.158999999999999,0.246,Asia),
(1907-03-01,0.552,0.265,Asia),
(1907-02-01,-5.934,0.253,Asia),
(1907-01-01,-7.903,0.354,Asia),
(1906-12-01,-3.999,0.476,Asia),
(1906-11-01,-0.949,0.281,Asia),
(1906-10-01,8.285,0.318,Asia),
(1906-09-01,14.842,0.305,Asia),
(1906-08-01,19.919,0.363,Asia),
(1906-07-01,20.998,0.309,Asia),
(1906-06-01,19.613000000000003,0.35600000000000004,Asia),
(1906-05-01,14.581,0.364,Asia),
(1906-04-01,8.754999999999999,0.389,Asia),
(1906-03-01,1.269,0.332,Asia),
(1906-02-01,-6.43,0.388,Asia),
(1906-01-01,-8.743,0.386,Asia),
(1905-12-01,-5.847,0.414,Asia),
(1905-11-01,0.324,0.383,Asia),
(1905-10-01,8.392999999999999,0.384,Asia),
(1905-09-01,15.024,0.307,Asia),
(1905-08-01,19.344,0.28600000000000003,Asia),
(1905-07-01,21.013,0.321,Asia),
(1905-06-01,18.642000000000003,0.4,Asia),
(1905-05-01,13.959000000000001,0.338,Asia),
(1905-04-01,6.425999999999998,0.287,Asia),
(1905-03-01,-0.8369999999999997,0.287,Asia),
(1905-02-01,-6.4510000000000005,0.442,Asia),
(1905-01-01,-6.803999999999999,0.395,Asia),
(1904-12-01,-5.502999999999999,0.355,Asia),
(1904-11-01,1.071,0.268,Asia),
(1904-10-01,7.672999999999999,0.358,Asia),
(1904-09-01,14.437,0.289,Asia),
(1904-08-01,19.527,0.442,Asia),
(1904-07-01,20.64,0.35,Asia),
(1904-06-01,18.886000000000006,0.338,Asia),
(1904-05-01,14.099,0.342,Asia),
(1904-04-01,7.239,0.295,Asia),
(1904-03-01,0.907,0.332,Asia),
(1904-02-01,-4.591,0.317,Asia),
(1904-01-01,-8.072000000000001,0.418,Asia),
(1903-12-01,-6.919,0.312,Asia),
(1903-11-01,-0.16399999999999998,0.38,Asia),
(1903-10-01,7.339999999999999,0.335,Asia),
(1903-09-01,14.839,0.45,Asia),
(1903-08-01,19.372,0.337,Asia),
(1903-07-01,21.132,0.366,Asia),
(1903-06-01,18.631,0.371,Asia),
(1903-05-01,14.064,0.295,Asia),
(1903-04-01,7.539999999999999,0.355,Asia),
(1903-03-01,0.333,0.298,Asia),
(1903-02-01,-3.407,0.486,Asia),
(1903-01-01,-7.547999999999999,0.418,Asia),
(1902-12-01,-6.446000000000001,0.462,Asia),
(1902-11-01,-1.396,0.345,Asia),
(1902-10-01,7.028999999999999,0.393,Asia),
(1902-09-01,14.892999999999999,0.39,Asia),
(1902-08-01,19.383,0.363,Asia),
(1902-07-01,21.026,0.353,Asia),
(1902-06-01,18.953000000000007,0.414,Asia),
(1902-05-01,13.575999999999999,0.374,Asia),
(1902-04-01,6.946000000000001,0.419,Asia),
(1902-03-01,0.6560000000000001,0.361,Asia),
(1902-02-01,-4.424,0.32299999999999995,Asia),
(1902-01-01,-7.121,0.531,Asia),
(1901-12-01,-6.416,0.436,Asia),
(1901-11-01,0.454,0.426,Asia),
(1901-10-01,7.107999999999999,0.3,Asia),
(1901-09-01,14.970999999999998,0.414,Asia),
(1901-08-01,19.623,0.35700000000000004,Asia),
(1901-07-01,20.999000000000002,0.308,Asia),
(1901-06-01,19.312,0.381,Asia),
(1901-05-01,14.370999999999999,0.317,Asia),
(1901-04-01,8.917,0.361,Asia),
(1901-03-01,2.248,0.374,Asia),
(1901-02-01,-4.664,0.422,Asia),
(1901-01-01,-8.18,0.374,Asia),
(1900-12-01,-5.629,0.478,Asia),
(1900-11-01,0.127,0.317,Asia),
(1900-10-01,8.596,0.408,Asia),
(1900-09-01,15.244000000000002,0.325,Asia),
(1900-08-01,19.808,0.332,Asia),
(1900-07-01,21.14,0.345,Asia),
(1900-06-01,18.752,0.355,Asia),
(1900-05-01,14.683,0.313,Asia),
(1900-04-01,7.5520000000000005,0.31,Asia),
(1900-03-01,1.4069999999999998,0.348,Asia),
(1900-02-01,-5.666,0.369,Asia),
(1900-01-01,-10.322000000000001,0.48,Asia),
(1899-12-01,-6.899,0.375,Asia),
(1899-11-01,0.909,0.311,Asia),
(1899-10-01,8.828999999999997,0.349,Asia),
(1899-09-01,15.421,0.3670000000000001,Asia),
(1899-08-01,19.858,0.333,Asia),
(1899-07-01,20.998,0.389,Asia),
(1899-06-01,18.781,0.361,Asia),
(1899-05-01,14.479000000000001,0.387,Asia),
(1899-04-01,7.965,0.3670000000000001,Asia),
(1899-03-01,1.012,0.406,Asia),
(1899-02-01,-4.824,0.457,Asia),
(1899-01-01,-7.002999999999999,0.515,Asia),
(1898-12-01,-5.124,0.496,Asia),
(1898-11-01,0.009000000000000008,0.426,Asia),
(1898-10-01,7.805999999999999,0.305,Asia),
(1898-09-01,14.897,0.318,Asia),
(1898-08-01,19.691,0.368,Asia),
(1898-07-01,21.328000000000003,0.368,Asia),
(1898-06-01,19.052000000000003,0.315,Asia),
(1898-05-01,13.892000000000001,0.34600000000000003,Asia),
(1898-04-01,7.2620000000000005,0.445,Asia),
(1898-03-01,-2.269,0.4920000000000001,Asia),
(1898-02-01,-5.733,0.338,Asia),
(1898-01-01,-6.9879999999999995,0.483,Asia),
(1897-12-01,-6.3279999999999985,0.425,Asia),
(1897-11-01,0.13699999999999998,0.366,Asia),
(1897-10-01,8.141,0.339,Asia),
(1897-09-01,15.405,0.417,Asia),
(1897-08-01,19.767,0.349,Asia),
(1897-07-01,21.449,0.33,Asia),
(1897-06-01,19.115,0.422,Asia),
(1897-05-01,14.843,0.384,Asia),
(1897-04-01,7.9369999999999985,0.39,Asia),
(1897-03-01,-0.4619999999999997,0.38,Asia),
(1897-02-01,-5.864,0.451,Asia),
(1897-01-01,-8.496,0.517,Asia),
(1896-12-01,-6.487,0.363,Asia),
(1896-11-01,0.040000000000000015,0.375,Asia),
(1896-10-01,8.501999999999999,0.41,Asia),
(1896-09-01,15.088,0.446,Asia),
(1896-08-01,19.655,0.448,Asia),
(1896-07-01,21.115,0.34600000000000003,Asia),
(1896-06-01,19.452,0.35200000000000004,Asia),
(1896-05-01,14.269,0.342,Asia),
(1896-04-01,6.7429999999999986,0.343,Asia),
(1896-03-01,-0.09400000000000007,0.322,Asia),
(1896-02-01,-5.337999999999999,0.415,Asia),
(1896-01-01,-7.117000000000001,0.423,Asia),
(1895-12-01,-5.906000000000001,0.462,Asia),
(1895-11-01,0.035,0.371,Asia),
(1895-10-01,7.996999999999999,0.324,Asia),
(1895-09-01,15.162,0.33,Asia),
(1895-08-01,19.235,0.383,Asia),
(1895-07-01,21.152,0.328,Asia),
(1895-06-01,18.765,0.34,Asia),
(1895-05-01,13.849,0.353,Asia),
(1895-04-01,7.5379999999999985,0.452,Asia),
(1895-03-01,0.3290000000000001,0.358,Asia),
(1895-02-01,-6.766,0.341,Asia),
(1895-01-01,-9.443,0.361,Asia),
(1894-12-01,-6.494,0.537,Asia),
(1894-11-01,-0.6459999999999999,0.49,Asia),
(1894-10-01,7.767999999999999,0.329,Asia),
(1894-09-01,14.956,0.315,Asia),
(1894-08-01,19.54,0.381,Asia),
(1894-07-01,21.052,0.311,Asia),
(1894-06-01,18.737,0.29100000000000004,Asia),
(1894-05-01,14.517999999999999,0.312,Asia),
(1894-04-01,7.4849999999999985,0.392,Asia),
(1894-03-01,1.274,0.467,Asia),
(1894-02-01,-3.704,0.384,Asia),
(1894-01-01,-8.276,0.426,Asia),
(1893-12-01,-5.73,0.665,Asia),
(1893-11-01,0.785,0.4,Asia),
(1893-10-01,8.202,0.354,Asia),
(1893-09-01,15.21,0.35,Asia),
(1893-08-01,19.303,0.345,Asia),
(1893-07-01,21.26,0.405,Asia),
(1893-06-01,19.094,0.472,Asia),
(1893-05-01,13.97,0.422,Asia),
(1893-04-01,8.831,0.392,Asia),
(1893-03-01,1.4780000000000002,0.433,Asia),
(1893-02-01,-7.175,0.391,Asia),
(1893-01-01,-10.707,0.459,Asia),
(1892-12-01,-6.534,0.53,Asia),
(1892-11-01,-1.344,0.7170000000000001,Asia),
(1892-10-01,8.165999999999999,0.388,Asia),
(1892-09-01,14.969000000000001,0.35,Asia),
(1892-08-01,19.323,0.393,Asia),
(1892-07-01,20.938000000000002,0.373,Asia),
(1892-06-01,19.518,0.349,Asia),
(1892-05-01,14.364,0.4,Asia),
(1892-04-01,7.3119999999999985,0.387,Asia),
(1892-03-01,-0.6299999999999999,0.4370000000000001,Asia),
(1892-02-01,-5.849,0.395,Asia),
(1892-01-01,-8.302999999999999,0.362,Asia),
(1891-12-01,-5.526,0.431,Asia),
(1891-11-01,-1.1740000000000002,0.377,Asia),
(1891-10-01,7.387999999999999,0.354,Asia),
(1891-09-01,14.843,0.348,Asia),
(1891-08-01,19.587,0.35,Asia),
(1891-07-01,20.911,0.358,Asia),
(1891-06-01,18.702,0.342,Asia),
(1891-05-01,14.189,0.475,Asia),
(1891-04-01,6.882999999999999,0.34,Asia),
(1891-03-01,1.257,0.442,Asia),
(1891-02-01,-5.797999999999999,0.392,Asia),
(1891-01-01,-8.586,0.394,Asia),
(1890-12-01,-6.303,0.442,Asia),
(1890-11-01,-1.3969999999999998,0.48,Asia),
(1890-10-01,8.652999999999999,0.408,Asia),
(1890-09-01,14.812,0.407,Asia),
(1890-08-01,19.457,0.419,Asia),
(1890-07-01,21.163,0.403,Asia),
(1890-06-01,18.922,0.424,Asia),
(1890-05-01,13.674000000000001,0.4920000000000001,Asia),
(1890-04-01,7.803,0.4320000000000001,Asia),
(1890-03-01,0.08700000000000008,0.505,Asia),
(1890-02-01,-5.525,0.47,Asia),
(1890-01-01,-8.367,0.4370000000000001,Asia),
(1889-12-01,-6.598,0.593,Asia),
(1889-11-01,-1.55,0.415,Asia),
(1889-10-01,7.105999999999999,0.393,Asia),
(1889-09-01,14.841,0.413,Asia),
(1889-08-01,19.52,0.429,Asia),
(1889-07-01,21.229,0.425,Asia),
(1889-06-01,19.235000000000007,0.406,Asia),
(1889-05-01,14.13,0.389,Asia),
(1889-04-01,8.309,0.486,Asia),
(1889-03-01,0.635,0.451,Asia),
(1889-02-01,-3.924,0.484,Asia),
(1889-01-01,-9.266,0.58,Asia),
(1888-12-01,-6.987,0.809,Asia),
(1888-11-01,-0.06899999999999995,0.494,Asia),
(1888-10-01,8.221,0.583,Asia),
(1888-09-01,14.574000000000002,0.482,Asia),
(1888-08-01,19.673,0.418,Asia),
(1888-07-01,21.405,0.489,Asia),
(1888-06-01,18.733,0.62,Asia),
(1888-05-01,14.37,0.478,Asia),
(1888-04-01,7.7189999999999985,0.642,Asia),
(1888-03-01,0.555,0.578,Asia),
(1888-02-01,-6.577999999999999,0.561,Asia),
(1888-01-01,-7.567,0.847,Asia),
(1887-12-01,-5.813,0.605,Asia),
(1887-11-01,0.04500000000000001,0.628,Asia),
(1887-10-01,7.961999999999999,0.436,Asia),
(1887-09-01,14.989,0.485,Asia),
(1887-08-01,18.85,0.4370000000000001,Asia),
(1887-07-01,21.111,0.473,Asia),
(1887-06-01,18.789,0.434,Asia),
(1887-05-01,14.249,0.478,Asia),
(1887-04-01,7.986000000000001,0.495,Asia),
(1887-03-01,0.5940000000000001,0.564,Asia),
(1887-02-01,-5.292999999999999,0.573,Asia),
(1887-01-01,-9.652,0.5870000000000001,Asia),
(1886-12-01,-4.71,0.654,Asia),
(1886-11-01,-0.7729999999999999,0.448,Asia),
(1886-10-01,6.895,0.443,Asia),
(1886-09-01,14.894,0.446,Asia),
(1886-08-01,19.202,0.455,Asia),
(1886-07-01,21.139,0.47,Asia),
(1886-06-01,18.241,0.456,Asia),
(1886-05-01,13.720999999999998,0.525,Asia),
(1886-04-01,7.649999999999999,0.436,Asia),
(1886-03-01,-0.10299999999999998,0.4970000000000001,Asia),
(1886-02-01,-6.9049999999999985,0.531,Asia),
(1886-01-01,-7.812,0.565,Asia),
(1885-12-01,-5.339,0.6970000000000001,Asia),
(1885-11-01,-0.9509999999999998,0.695,Asia),
(1885-10-01,7.475999999999999,0.446,Asia),
(1885-09-01,14.454,0.43,Asia),
(1885-08-01,19.119,0.494,Asia),
(1885-07-01,20.698,0.425,Asia),
(1885-06-01,18.531,0.412,Asia),
(1885-05-01,13.335,0.512,Asia),
(1885-04-01,6.5699999999999985,0.453,Asia),
(1885-03-01,1.02,0.459,Asia),
(1885-02-01,-6.234,0.435,Asia),
(1885-01-01,-9.39,0.469,Asia),
(1884-12-01,-5.295,0.812,Asia),
(1884-11-01,-0.675,0.462,Asia),
(1884-10-01,7.648,0.461,Asia),
(1884-09-01,14.113,0.426,Asia),
(1884-08-01,18.656,0.532,Asia),
(1884-07-01,20.739,0.476,Asia),
(1884-06-01,18.139000000000006,0.496,Asia),
(1884-05-01,13.334000000000001,0.493,Asia),
(1884-04-01,6.4049999999999985,0.556,Asia),
(1884-03-01,-1.074,0.635,Asia),
(1884-02-01,-5.314,0.611,Asia),
(1884-01-01,-6.855,0.551,Asia),
(1883-12-01,-5.096,0.5760000000000001,Asia),
(1883-11-01,-1.141,0.48,Asia),
(1883-10-01,8.059,0.435,Asia),
(1883-09-01,14.314,0.479,Asia),
(1883-08-01,19.394,0.552,Asia),
(1883-07-01,21.155,0.573,Asia),
(1883-06-01,18.831000000000003,0.399,Asia),
(1883-05-01,14.209000000000001,0.449,Asia),
(1883-04-01,7.502000000000001,0.467,Asia),
(1883-03-01,1.12,0.527,Asia),
(1883-02-01,-6.615,0.448,Asia),
(1883-01-01,-8.561,0.54,Asia),
(1882-12-01,-7.695,0.487,Asia),
(1882-11-01,-1.064,0.476,Asia),
(1882-10-01,6.350999999999999,0.452,Asia),
(1882-09-01,14.865,0.414,Asia),
(1882-08-01,19.777,0.407,Asia),
(1882-07-01,20.714000000000002,0.461,Asia),
(1882-06-01,18.634,0.463,Asia),
(1882-05-01,14.277999999999999,0.5329999999999999,Asia),
(1882-04-01,7.566,0.479,Asia),
(1882-03-01,1.431,0.547,Asia),
(1882-02-01,-4.41,0.623,Asia),
(1882-01-01,-6.107,0.77,Asia),
(1881-12-01,-6.795,0.6890000000000001,Asia),
(1881-11-01,-0.37799999999999995,0.544,Asia),
(1881-10-01,7.717999999999999,0.487,Asia),
(1881-09-01,14.51,0.517,Asia),
(1881-08-01,19.733,0.5379999999999999,Asia),
(1881-07-01,21.031999999999996,0.5870000000000001,Asia),
(1881-06-01,18.188,0.595,Asia),
(1881-05-01,14.186,0.604,Asia),
(1881-04-01,8.344999999999999,0.616,Asia),
(1881-03-01,0.7060000000000001,0.632,Asia),
(1881-02-01,-5.42,0.7390000000000001,Asia),
(1881-01-01,-6.941000000000002,0.825,Asia),
(1880-12-01,-5.509,0.6579999999999999,Asia),
(1880-11-01,1.107,0.6409999999999999,Asia),
(1880-10-01,7.328999999999999,0.627,Asia),
(1880-09-01,14.534,0.63,Asia),
(1880-08-01,19.903,0.638,Asia),
(1880-07-01,20.765,0.597,Asia),
(1880-06-01,19.027,0.578,Asia),
(1880-05-01,14.462,0.6559999999999999,Asia),
(1880-04-01,7.077000000000001,0.6629999999999999,Asia),
(1880-03-01,1.208,0.6509999999999999,Asia),
(1880-02-01,-6.061,0.664,Asia),
(1880-01-01,-8.679,0.675,Asia),
(1879-12-01,-5.84,0.6920000000000001,Asia),
(1879-11-01,-0.261,0.625,Asia),
(1879-10-01,8.206,0.5870000000000001,Asia),
(1879-09-01,14.872,0.598,Asia),
(1879-08-01,19.208,0.623,Asia),
(1879-07-01,21.402,0.665,Asia),
(1879-06-01,19.0,0.732,Asia),
(1879-05-01,14.239,0.524,Asia),
(1879-04-01,7.593,0.625,Asia),
(1879-03-01,0.7490000000000001,0.586,Asia),
(1879-02-01,-4.591,0.775,Asia),
(1879-01-01,-7.787000000000001,0.6679999999999999,Asia),
(1878-12-01,-6.176,0.6459999999999999,Asia),
(1878-11-01,0.25,0.6940000000000001,Asia),
(1878-10-01,8.151,0.648,Asia),
(1878-09-01,15.573,0.653,Asia),
(1878-08-01,19.984,0.6920000000000001,Asia),
(1878-07-01,21.624000000000002,0.741,Asia),
(1878-06-01,19.707,0.625,Asia),
(1878-05-01,14.098,0.6679999999999999,Asia),
(1878-04-01,8.1,0.6779999999999999,Asia),
(1878-03-01,2.5090000000000003,0.7609999999999999,Asia),
(1878-02-01,-4.747,0.938,Asia),
(1878-01-01,-8.996,0.8290000000000001,Asia),
(1877-12-01,-7.505,0.8,Asia),
(1877-11-01,0.838,0.6990000000000001,Asia),
(1877-10-01,8.055,0.591,Asia),
(1877-09-01,15.198,0.579,Asia),
(1877-08-01,20.0,0.585,Asia),
(1877-07-01,21.432,0.5710000000000001,Asia),
(1877-06-01,19.179,0.649,Asia),
(1877-05-01,14.068,0.595,Asia),
(1877-04-01,7.395,0.622,Asia),
(1877-03-01,1.669,0.659,Asia),
(1877-02-01,-6.184,0.971,Asia),
(1877-01-01,-7.815,0.865,Asia),
(1876-12-01,-7.662999999999999,0.868,Asia),
(1876-11-01,-0.7829999999999999,0.6459999999999999,Asia),
(1876-10-01,7.758999999999999,0.6,Asia),
(1876-09-01,14.767000000000001,0.573,Asia),
(1876-08-01,19.517,0.611,Asia),
(1876-07-01,21.247,0.603,Asia),
(1876-06-01,19.047,0.636,Asia),
(1876-05-01,13.84,0.602,Asia),
(1876-04-01,8.094999999999999,0.767,Asia),
(1876-03-01,1.093,0.6970000000000001,Asia),
(1876-02-01,-5.309,0.77,Asia),
(1876-01-01,-8.111,0.8079999999999999,Asia),
(1875-12-01,-6.903,0.629,Asia),
(1875-11-01,-1.278,0.735,Asia),
(1875-10-01,7.2620000000000005,0.63,Asia),
(1875-09-01,14.432,0.632,Asia),
(1875-08-01,19.414,0.591,Asia),
(1875-07-01,21.29,0.649,Asia),
(1875-06-01,19.562,0.695,Asia),
(1875-05-01,14.135,0.615,Asia),
(1875-04-01,7.864999999999998,0.607,Asia),
(1875-03-01,0.855,0.677,Asia),
(1875-02-01,-5.224,0.794,Asia)})